id,height,weight,capture_rate,generation,habitat,shape,stats_hp,stats_attack,stats_defense,stats_special-attack,stats_special-defense,stats_speed,ability_1,ability_2,ability_3
1,7,69,45,generation-i,grassland,quadruped,45,49,49,65,65,45,overgrow,chlorophyll,
2,10,130,45,generation-i,grassland,quadruped,60,62,63,80,80,60,overgrow,chlorophyll,
3,20,1000,45,generation-i,grassland,quadruped,80,82,83,100,100,80,overgrow,chlorophyll,
4,6,85,45,generation-i,mountain,upright,39,52,43,60,50,65,blaze,solar-power,
5,11,190,45,generation-i,mountain,upright,58,64,58,80,65,80,blaze,solar-power,
6,17,905,45,generation-i,mountain,upright,78,84,78,109,85,100,blaze,solar-power,
7,5,90,45,generation-i,waters-edge,upright,44,48,65,50,64,43,torrent,rain-dish,
8,10,225,45,generation-i,waters-edge,upright,59,63,80,65,80,58,torrent,rain-dish,
9,16,855,45,generation-i,waters-edge,upright,79,83,100,85,105,78,torrent,rain-dish,
10,3,29,255,generation-i,forest,armor,45,30,35,20,20,45,shield-dust,run-away,
11,7,99,120,generation-i,forest,squiggle,50,20,55,25,25,30,shed-skin,,
12,11,320,45,generation-i,forest,bug-wings,60,45,50,90,80,70,compound-eyes,tinted-lens,
13,3,32,255,generation-i,forest,armor,40,35,30,20,20,50,shield-dust,run-away,
14,6,100,120,generation-i,forest,squiggle,45,25,50,25,25,35,shed-skin,,
15,10,295,45,generation-i,forest,bug-wings,65,90,40,45,80,75,swarm,sniper,
16,3,18,255,generation-i,forest,wings,40,45,40,35,35,56,keen-eye,tangled-feet,big-pecks
17,11,300,120,generation-i,forest,wings,63,60,55,50,50,71,keen-eye,tangled-feet,big-pecks
18,15,395,45,generation-i,forest,wings,83,80,75,70,70,101,keen-eye,tangled-feet,big-pecks
19,3,35,255,generation-i,grassland,quadruped,30,56,35,25,35,72,run-away,guts,hustle
20,7,185,127,generation-i,grassland,quadruped,55,81,60,50,70,97,run-away,guts,hustle
21,3,20,255,generation-i,rough-terrain,wings,40,60,30,31,31,70,keen-eye,sniper,
22,12,380,90,generation-i,rough-terrain,wings,65,90,65,61,61,100,keen-eye,sniper,
23,20,69,255,generation-i,grassland,squiggle,35,60,44,40,54,55,intimidate,shed-skin,unnerve
24,35,650,90,generation-i,grassland,squiggle,60,95,69,65,79,80,intimidate,shed-skin,unnerve
25,4,60,190,generation-i,forest,quadruped,35,55,40,50,50,90,static,lightning-rod,
26,8,300,75,generation-i,forest,upright,60,90,55,90,80,110,static,lightning-rod,
27,6,120,255,generation-i,rough-terrain,upright,50,75,85,20,30,40,sand-veil,sand-rush,
28,10,295,90,generation-i,rough-terrain,upright,75,100,110,45,55,65,sand-veil,sand-rush,
29,4,70,235,generation-i,grassland,quadruped,55,47,52,40,40,41,poison-point,rivalry,hustle
30,8,200,120,generation-i,grassland,quadruped,70,62,67,55,55,56,poison-point,rivalry,hustle
31,13,600,45,generation-i,grassland,upright,90,92,87,75,85,76,poison-point,rivalry,sheer-force
32,5,90,235,generation-i,grassland,quadruped,46,57,40,40,40,50,poison-point,rivalry,hustle
33,9,195,120,generation-i,grassland,quadruped,61,72,57,55,55,65,poison-point,rivalry,hustle
34,14,620,45,generation-i,grassland,upright,81,102,77,85,75,85,poison-point,rivalry,sheer-force
35,6,75,150,generation-i,mountain,upright,70,45,48,60,65,35,cute-charm,magic-guard,friend-guard
36,13,400,25,generation-i,mountain,upright,95,70,73,95,90,60,cute-charm,magic-guard,unaware
37,6,99,190,generation-i,grassland,quadruped,38,41,40,50,65,65,flash-fire,drought,
38,11,199,75,generation-i,grassland,quadruped,73,76,75,81,100,100,flash-fire,drought,
39,5,55,170,generation-i,grassland,humanoid,115,45,20,45,25,20,cute-charm,competitive,friend-guard
40,10,120,50,generation-i,grassland,humanoid,140,70,45,85,50,45,cute-charm,competitive,frisk
41,8,75,255,generation-i,cave,wings,40,45,35,30,40,55,inner-focus,infiltrator,
42,16,550,90,generation-i,cave,wings,75,80,70,65,75,90,inner-focus,infiltrator,
43,5,54,255,generation-i,grassland,legs,45,50,55,75,65,30,chlorophyll,run-away,
44,8,86,120,generation-i,grassland,humanoid,60,65,70,85,75,40,chlorophyll,stench,
45,12,186,45,generation-i,grassland,humanoid,75,80,85,110,90,50,chlorophyll,effect-spore,
46,3,54,190,generation-i,forest,armor,35,70,55,45,55,25,effect-spore,dry-skin,damp
47,10,295,75,generation-i,forest,armor,60,95,80,60,80,30,effect-spore,dry-skin,damp
48,10,300,190,generation-i,forest,humanoid,60,55,50,40,55,45,compound-eyes,tinted-lens,run-away
49,15,125,75,generation-i,forest,bug-wings,70,65,60,90,75,90,shield-dust,tinted-lens,wonder-skin
50,2,8,255,generation-i,cave,blob,10,55,25,35,45,95,sand-veil,arena-trap,sand-force
51,7,333,50,generation-i,cave,heads,35,100,50,50,70,120,sand-veil,arena-trap,sand-force
52,4,42,255,generation-i,urban,quadruped,40,45,35,40,40,90,pickup,technician,unnerve
53,10,320,90,generation-i,urban,quadruped,65,70,60,65,65,115,limber,technician,unnerve
54,8,196,190,generation-i,waters-edge,upright,50,52,48,65,50,55,damp,cloud-nine,swift-swim
55,17,766,75,generation-i,waters-edge,upright,80,82,78,95,80,85,damp,cloud-nine,swift-swim
56,5,280,190,generation-i,mountain,upright,40,80,35,35,45,70,vital-spirit,anger-point,defiant
57,10,320,75,generation-i,mountain,upright,65,105,60,60,70,95,vital-spirit,anger-point,defiant
58,7,190,190,generation-i,grassland,quadruped,55,70,45,70,50,60,intimidate,flash-fire,justified
59,19,1550,75,generation-i,grassland,quadruped,90,110,80,100,80,95,intimidate,flash-fire,justified
60,6,124,255,generation-i,waters-edge,legs,40,50,40,40,40,90,water-absorb,damp,swift-swim
61,10,200,120,generation-i,waters-edge,humanoid,65,65,65,50,50,90,water-absorb,damp,swift-swim
62,13,540,45,generation-i,waters-edge,humanoid,90,95,95,70,90,70,water-absorb,damp,swift-swim
63,9,195,200,generation-i,urban,upright,25,20,15,105,55,90,synchronize,inner-focus,magic-guard
64,13,565,100,generation-i,urban,upright,40,35,30,120,70,105,synchronize,inner-focus,magic-guard
65,15,480,50,generation-i,urban,humanoid,55,50,45,135,95,120,synchronize,inner-focus,magic-guard
66,8,195,180,generation-i,mountain,upright,70,80,50,35,35,35,guts,no-guard,steadfast
67,15,705,90,generation-i,mountain,humanoid,80,100,70,50,60,45,guts,no-guard,steadfast
68,16,1300,45,generation-i,mountain,humanoid,90,130,80,65,85,55,guts,no-guard,steadfast
69,7,40,255,generation-i,forest,humanoid,50,75,35,70,30,40,chlorophyll,gluttony,
70,10,64,120,generation-i,forest,blob,65,90,50,85,45,55,chlorophyll,gluttony,
71,17,155,45,generation-i,forest,blob,80,105,65,100,70,70,chlorophyll,gluttony,
72,9,455,190,generation-i,sea,tentacles,40,40,35,50,100,70,clear-body,liquid-ooze,rain-dish
73,16,550,60,generation-i,sea,tentacles,80,70,65,80,120,100,clear-body,liquid-ooze,rain-dish
74,4,200,255,generation-i,mountain,arms,40,80,100,30,30,20,rock-head,sturdy,sand-veil
75,10,1050,120,generation-i,mountain,humanoid,55,95,115,45,45,35,rock-head,sturdy,sand-veil
76,14,3000,45,generation-i,mountain,humanoid,80,120,130,55,65,45,rock-head,sturdy,sand-veil
77,10,300,190,generation-i,grassland,quadruped,50,85,55,65,65,90,run-away,flash-fire,flame-body
78,17,950,60,generation-i,grassland,quadruped,65,100,70,80,80,105,run-away,flash-fire,flame-body
79,12,360,190,generation-i,waters-edge,quadruped,90,65,65,40,40,15,oblivious,own-tempo,regenerator
80,16,785,75,generation-i,waters-edge,upright,95,75,110,100,80,30,oblivious,own-tempo,regenerator
81,3,60,190,generation-i,rough-terrain,arms,25,35,70,95,55,45,magnet-pull,sturdy,analytic
82,10,600,60,generation-i,rough-terrain,heads,50,60,95,120,70,70,magnet-pull,sturdy,analytic
83,8,150,45,generation-i,grassland,wings,52,90,55,58,62,60,keen-eye,inner-focus,defiant
84,14,392,190,generation-i,grassland,legs,35,85,45,35,35,75,run-away,early-bird,tangled-feet
85,18,852,45,generation-i,grassland,legs,60,110,70,60,60,110,run-away,early-bird,tangled-feet
86,11,900,190,generation-i,sea,fish,65,45,55,45,70,45,thick-fat,hydration,ice-body
87,17,1200,75,generation-i,sea,fish,90,70,80,70,95,70,thick-fat,hydration,ice-body
88,9,300,190,generation-i,urban,arms,80,80,50,40,50,25,stench,sticky-hold,poison-touch
89,12,300,75,generation-i,urban,arms,105,105,75,65,100,50,stench,sticky-hold,poison-touch
90,3,40,190,generation-i,sea,ball,30,65,100,45,25,40,shell-armor,skill-link,overcoat
91,15,1325,60,generation-i,sea,ball,50,95,180,85,45,70,shell-armor,skill-link,overcoat
92,13,1,190,generation-i,cave,ball,30,35,30,100,35,80,levitate,,
93,16,1,90,generation-i,cave,arms,45,50,45,115,55,95,levitate,,
94,15,405,45,generation-i,cave,upright,60,65,60,130,75,110,cursed-body,,
95,88,2100,45,generation-i,cave,squiggle,35,45,160,30,45,70,rock-head,sturdy,weak-armor
96,10,324,190,generation-i,grassland,humanoid,60,48,45,43,90,42,insomnia,forewarn,inner-focus
97,16,756,75,generation-i,grassland,humanoid,85,73,70,73,115,67,insomnia,forewarn,inner-focus
98,4,65,225,generation-i,waters-edge,armor,30,105,90,25,25,50,hyper-cutter,shell-armor,sheer-force
99,13,600,60,generation-i,waters-edge,armor,55,130,115,50,50,75,hyper-cutter,shell-armor,sheer-force
100,5,104,190,generation-i,urban,ball,40,30,50,55,55,100,soundproof,static,aftermath
101,12,666,60,generation-i,urban,ball,60,50,70,80,80,150,soundproof,static,aftermath
102,4,25,90,generation-i,forest,heads,60,40,80,60,45,40,chlorophyll,harvest,
103,20,1200,45,generation-i,forest,legs,95,95,85,125,75,55,chlorophyll,harvest,
104,4,65,190,generation-i,mountain,upright,50,50,95,40,50,35,rock-head,lightning-rod,battle-armor
105,10,450,75,generation-i,mountain,upright,60,80,110,50,80,45,rock-head,lightning-rod,battle-armor
106,15,498,45,generation-i,urban,humanoid,50,120,53,35,110,87,limber,reckless,unburden
107,14,502,45,generation-i,urban,humanoid,50,105,79,35,110,76,keen-eye,iron-fist,inner-focus
108,12,655,45,generation-i,grassland,upright,90,55,75,60,75,30,own-tempo,oblivious,cloud-nine
109,6,10,190,generation-i,urban,ball,40,65,95,60,45,35,levitate,neutralizing-gas,stench
110,12,95,60,generation-i,urban,heads,65,90,120,85,70,60,levitate,neutralizing-gas,stench
111,10,1150,120,generation-i,rough-terrain,quadruped,80,85,95,30,30,25,lightning-rod,rock-head,reckless
112,19,1200,60,generation-i,rough-terrain,upright,105,130,120,45,45,40,lightning-rod,rock-head,reckless
113,11,346,30,generation-i,urban,upright,250,5,5,35,105,50,natural-cure,serene-grace,healer
114,10,350,45,generation-i,grassland,legs,65,55,115,100,40,60,chlorophyll,leaf-guard,regenerator
115,22,800,45,generation-i,grassland,upright,105,95,80,40,80,90,early-bird,scrappy,inner-focus
116,4,80,225,generation-i,sea,blob,30,40,70,70,25,60,swift-swim,sniper,damp
117,12,250,75,generation-i,sea,blob,55,65,95,95,45,85,poison-point,sniper,damp
118,6,150,225,generation-i,waters-edge,fish,45,67,60,35,50,63,swift-swim,water-veil,lightning-rod
119,13,390,60,generation-i,waters-edge,fish,80,92,65,65,80,68,swift-swim,water-veil,lightning-rod
120,8,345,225,generation-i,sea,blob,30,45,55,70,55,85,illuminate,natural-cure,analytic
121,11,800,60,generation-i,sea,blob,60,75,85,100,85,115,illuminate,natural-cure,analytic
122,13,545,45,generation-i,urban,humanoid,40,45,65,100,120,90,soundproof,filter,technician
123,15,560,45,generation-i,grassland,bug-wings,70,110,80,55,80,105,swarm,technician,steadfast
124,14,406,45,generation-i,urban,humanoid,65,50,35,115,95,95,oblivious,forewarn,dry-skin
125,11,300,45,generation-i,grassland,upright,65,83,57,95,85,105,static,vital-spirit,
126,13,445,45,generation-i,mountain,upright,65,95,57,100,85,93,flame-body,vital-spirit,
127,15,550,45,generation-i,forest,humanoid,65,125,100,55,70,85,hyper-cutter,mold-breaker,moxie
128,14,884,45,generation-i,grassland,quadruped,75,100,95,40,70,110,intimidate,anger-point,sheer-force
129,9,100,255,generation-i,waters-edge,fish,20,10,55,15,20,80,swift-swim,rattled,
130,65,2350,45,generation-i,waters-edge,squiggle,95,125,79,60,100,81,intimidate,moxie,
131,25,2200,45,generation-i,sea,fish,130,85,80,85,95,60,water-absorb,shell-armor,hydration
132,3,40,35,generation-i,urban,ball,48,48,48,48,48,48,limber,imposter,
133,3,65,45,generation-i,urban,quadruped,55,55,50,45,65,55,run-away,adaptability,anticipation
134,10,290,45,generation-i,urban,quadruped,130,65,60,110,95,65,water-absorb,hydration,
135,8,245,45,generation-i,urban,quadruped,65,65,60,110,95,130,volt-absorb,quick-feet,
136,9,250,45,generation-i,urban,quadruped,65,130,60,95,110,65,flash-fire,guts,
137,8,365,45,generation-i,urban,legs,65,60,70,85,75,40,trace,download,analytic
138,4,75,45,generation-i,sea,tentacles,35,40,100,90,55,35,swift-swim,shell-armor,weak-armor
139,10,350,45,generation-i,sea,tentacles,70,60,125,115,70,55,swift-swim,shell-armor,weak-armor
140,5,115,45,generation-i,sea,armor,30,80,90,55,45,55,swift-swim,battle-armor,weak-armor
141,13,405,45,generation-i,sea,upright,60,115,105,65,70,80,swift-swim,battle-armor,weak-armor
142,18,590,45,generation-i,mountain,wings,80,105,65,60,75,130,rock-head,pressure,unnerve
143,21,4600,25,generation-i,mountain,humanoid,160,110,65,65,110,30,immunity,thick-fat,gluttony
144,17,554,3,generation-i,rare,wings,90,85,100,95,125,85,pressure,snow-cloak,
145,16,526,3,generation-i,rare,wings,90,90,85,125,90,100,pressure,static,
146,20,600,3,generation-i,rare,wings,90,100,90,125,85,90,pressure,flame-body,
147,18,33,45,generation-i,waters-edge,squiggle,41,64,45,50,50,50,shed-skin,marvel-scale,
148,40,165,45,generation-i,waters-edge,squiggle,61,84,65,70,70,70,shed-skin,marvel-scale,
149,22,2100,45,generation-i,waters-edge,upright,91,134,95,100,100,80,inner-focus,multiscale,
150,20,1220,3,generation-i,rare,upright,106,110,90,154,90,130,pressure,unnerve,
151,4,40,45,generation-i,rare,upright,100,100,100,100,100,100,synchronize,,
152,9,64,45,generation-ii,grassland,quadruped,45,49,65,49,65,45,overgrow,leaf-guard,
153,12,158,45,generation-ii,grassland,quadruped,60,62,80,63,80,60,overgrow,leaf-guard,
154,18,1005,45,generation-ii,grassland,quadruped,80,82,100,83,100,80,overgrow,leaf-guard,
155,5,79,45,generation-ii,grassland,humanoid,39,52,43,60,50,65,blaze,flash-fire,
156,9,190,45,generation-ii,grassland,quadruped,58,64,58,80,65,80,blaze,flash-fire,
157,17,795,45,generation-ii,grassland,quadruped,78,84,78,109,85,100,blaze,flash-fire,
158,6,95,45,generation-ii,waters-edge,upright,50,65,64,44,48,43,torrent,sheer-force,
159,11,250,45,generation-ii,waters-edge,upright,65,80,80,59,63,58,torrent,sheer-force,
160,23,888,45,generation-ii,waters-edge,upright,85,105,100,79,83,78,torrent,sheer-force,
161,8,60,255,generation-ii,grassland,quadruped,35,46,34,35,45,20,run-away,keen-eye,frisk
162,18,325,90,generation-ii,grassland,quadruped,85,76,64,45,55,90,run-away,keen-eye,frisk
163,7,212,255,generation-ii,forest,wings,60,30,30,36,56,50,insomnia,keen-eye,tinted-lens
164,16,408,90,generation-ii,forest,wings,100,50,50,86,96,70,insomnia,keen-eye,tinted-lens
165,10,108,255,generation-ii,forest,wings,40,20,30,40,80,55,swarm,early-bird,rattled
166,14,356,90,generation-ii,forest,wings,55,35,50,55,110,85,swarm,early-bird,iron-fist
167,5,85,255,generation-ii,forest,armor,40,60,40,40,40,30,swarm,insomnia,sniper
168,11,335,90,generation-ii,forest,armor,70,90,70,60,70,40,swarm,insomnia,sniper
169,18,750,90,generation-ii,cave,bug-wings,85,90,80,70,80,130,inner-focus,infiltrator,
170,5,120,190,generation-ii,sea,fish,75,38,38,56,56,67,volt-absorb,illuminate,water-absorb
171,12,225,75,generation-ii,sea,fish,125,58,58,76,76,67,volt-absorb,illuminate,water-absorb
172,3,20,190,generation-ii,forest,quadruped,20,40,15,35,35,60,static,lightning-rod,
173,3,30,150,generation-ii,mountain,upright,50,25,28,45,55,15,cute-charm,magic-guard,friend-guard
174,3,10,170,generation-ii,grassland,humanoid,90,30,15,40,20,15,cute-charm,competitive,friend-guard
175,3,15,190,generation-ii,forest,humanoid,35,20,65,40,65,20,hustle,serene-grace,super-luck
176,6,32,75,generation-ii,forest,humanoid,55,40,85,80,105,40,hustle,serene-grace,super-luck
177,2,20,190,generation-ii,forest,wings,40,50,45,70,45,70,synchronize,early-bird,magic-bounce
178,15,150,75,generation-ii,forest,wings,65,75,70,95,70,95,synchronize,early-bird,magic-bounce
179,6,78,235,generation-ii,grassland,quadruped,55,40,40,65,45,35,static,plus,
180,8,133,120,generation-ii,grassland,upright,70,55,55,80,60,45,static,plus,
181,14,615,45,generation-ii,grassland,upright,90,75,85,115,90,55,static,plus,
182,4,58,45,generation-ii,grassland,humanoid,75,80,95,90,100,50,chlorophyll,healer,
183,4,85,190,generation-ii,waters-edge,upright,70,20,50,20,50,40,thick-fat,huge-power,sap-sipper
184,8,285,75,generation-ii,waters-edge,upright,100,50,80,60,80,50,thick-fat,huge-power,sap-sipper
185,12,380,65,generation-ii,forest,humanoid,70,100,115,30,65,30,sturdy,rock-head,rattled
186,11,339,45,generation-ii,waters-edge,humanoid,90,75,75,90,100,70,water-absorb,damp,drizzle
187,4,5,255,generation-ii,grassland,upright,35,35,40,35,55,50,chlorophyll,leaf-guard,infiltrator
188,6,10,120,generation-ii,grassland,upright,55,45,50,45,65,80,chlorophyll,leaf-guard,infiltrator
189,8,30,45,generation-ii,grassland,upright,75,55,70,55,95,110,chlorophyll,leaf-guard,infiltrator
190,8,115,45,generation-ii,forest,upright,55,70,55,40,55,85,run-away,pickup,skill-link
191,3,18,235,generation-ii,grassland,ball,30,30,30,30,30,30,chlorophyll,solar-power,early-bird
192,8,85,120,generation-ii,grassland,humanoid,75,75,55,105,85,30,chlorophyll,solar-power,early-bird
193,12,380,75,generation-ii,forest,bug-wings,65,65,45,75,45,95,speed-boost,compound-eyes,frisk
194,4,85,255,generation-ii,waters-edge,legs,55,45,45,25,25,15,damp,water-absorb,unaware
195,14,750,90,generation-ii,waters-edge,upright,95,85,85,65,65,35,damp,water-absorb,unaware
196,9,265,45,generation-ii,urban,quadruped,65,65,60,130,95,110,synchronize,magic-bounce,
197,10,270,45,generation-ii,urban,quadruped,95,65,110,60,130,65,synchronize,inner-focus,
198,5,21,30,generation-ii,forest,wings,60,85,42,85,42,91,insomnia,super-luck,prankster
199,20,795,70,generation-ii,waters-edge,upright,95,75,80,100,110,30,oblivious,own-tempo,regenerator
200,7,10,45,generation-ii,cave,ball,60,60,60,85,85,85,levitate,,
201,5,50,225,generation-ii,rare,ball,48,72,48,72,48,48,levitate,,
202,13,285,45,generation-ii,cave,blob,190,33,58,33,58,33,shadow-tag,telepathy,
203,15,415,60,generation-ii,grassland,quadruped,70,80,65,90,65,85,inner-focus,early-bird,sap-sipper
204,6,72,190,generation-ii,forest,ball,50,65,90,35,35,15,sturdy,overcoat,
205,12,1258,75,generation-ii,forest,ball,75,90,140,60,60,40,sturdy,overcoat,
206,15,140,190,generation-ii,cave,squiggle,100,70,70,65,65,45,serene-grace,run-away,rattled
207,11,648,60,generation-ii,mountain,wings,65,75,105,35,65,85,hyper-cutter,sand-veil,immunity
208,92,4000,25,generation-ii,cave,squiggle,75,85,200,55,65,30,rock-head,sturdy,sheer-force
209,6,78,190,generation-ii,urban,humanoid,60,80,50,40,40,30,intimidate,run-away,rattled
210,14,487,75,generation-ii,urban,upright,90,120,75,60,60,45,intimidate,quick-feet,rattled
211,5,39,45,generation-ii,sea,fish,65,95,85,55,55,85,poison-point,swift-swim,intimidate
212,18,1180,25,generation-ii,grassland,bug-wings,70,130,100,55,80,65,swarm,technician,light-metal
213,6,205,190,generation-ii,mountain,armor,20,10,230,10,230,5,sturdy,gluttony,contrary
214,15,540,45,generation-ii,forest,humanoid,80,125,75,40,95,85,swarm,guts,moxie
215,9,280,60,generation-ii,forest,upright,55,95,55,35,75,115,inner-focus,keen-eye,pickpocket
216,6,88,120,generation-ii,mountain,upright,60,80,50,50,50,40,pickup,quick-feet,honey-gather
217,18,1258,60,generation-ii,mountain,upright,90,130,75,75,75,55,guts,quick-feet,unnerve
218,7,350,190,generation-ii,mountain,squiggle,40,40,40,70,40,20,magma-armor,flame-body,weak-armor
219,8,550,75,generation-ii,mountain,squiggle,60,50,120,90,80,30,magma-armor,flame-body,weak-armor
220,4,65,225,generation-ii,cave,quadruped,50,50,40,30,30,50,oblivious,snow-cloak,thick-fat
221,11,558,75,generation-ii,cave,quadruped,100,100,80,60,60,50,oblivious,snow-cloak,thick-fat
222,6,50,60,generation-ii,sea,armor,65,55,95,65,95,35,hustle,natural-cure,regenerator
223,6,120,190,generation-ii,sea,fish,35,65,35,65,35,65,hustle,sniper,moody
224,9,285,75,generation-ii,sea,tentacles,75,105,75,105,75,45,suction-cups,sniper,moody
225,9,160,45,generation-ii,mountain,wings,45,55,45,65,45,75,vital-spirit,hustle,insomnia
226,21,2200,25,generation-ii,sea,wings,85,40,70,80,140,70,swift-swim,water-absorb,water-veil
227,17,505,25,generation-ii,rough-terrain,wings,65,80,140,40,70,70,keen-eye,sturdy,weak-armor
228,6,108,120,generation-ii,rough-terrain,quadruped,45,60,30,80,50,65,early-bird,flash-fire,unnerve
229,14,350,45,generation-ii,rough-terrain,quadruped,75,90,50,110,80,95,early-bird,flash-fire,unnerve
230,18,1520,45,generation-ii,sea,blob,75,95,95,95,95,85,swift-swim,sniper,damp
231,5,335,120,generation-ii,rough-terrain,quadruped,90,60,60,40,40,40,pickup,sand-veil,
232,11,1200,60,generation-ii,rough-terrain,quadruped,90,120,120,60,60,50,sturdy,sand-veil,
233,6,325,45,generation-ii,urban,legs,85,80,90,105,95,60,trace,download,analytic
234,14,712,45,generation-ii,forest,quadruped,73,95,62,85,65,85,intimidate,frisk,sap-sipper
235,12,580,45,generation-ii,urban,upright,55,20,35,20,45,75,own-tempo,technician,moody
236,7,210,75,generation-ii,urban,humanoid,35,35,35,35,35,35,guts,steadfast,vital-spirit
237,14,480,45,generation-ii,urban,upright,50,95,95,35,110,70,intimidate,technician,steadfast
238,4,60,45,generation-ii,urban,humanoid,45,30,15,85,65,65,oblivious,forewarn,hydration
239,6,235,45,generation-ii,grassland,humanoid,45,63,37,65,55,95,static,vital-spirit,
240,7,214,45,generation-ii,mountain,upright,45,75,37,70,55,83,flame-body,vital-spirit,
241,12,755,45,generation-ii,grassland,upright,95,80,105,40,70,100,thick-fat,scrappy,sap-sipper
242,15,468,30,generation-ii,urban,humanoid,255,10,10,75,135,55,natural-cure,serene-grace,healer
243,19,1780,3,generation-ii,grassland,quadruped,90,85,75,115,100,115,pressure,inner-focus,
244,21,1980,3,generation-ii,grassland,quadruped,115,115,85,90,75,100,pressure,inner-focus,
245,20,1870,3,generation-ii,grassland,quadruped,100,75,115,90,115,85,pressure,inner-focus,
246,6,720,45,generation-ii,mountain,upright,50,64,50,45,50,41,guts,sand-veil,
247,12,1520,45,generation-ii,mountain,squiggle,70,84,70,65,70,51,shed-skin,,
248,20,2020,45,generation-ii,mountain,upright,100,134,110,95,100,61,sand-stream,unnerve,
249,52,2160,3,generation-ii,rare,wings,106,90,130,90,154,110,pressure,multiscale,
250,38,1990,3,generation-ii,rare,wings,106,130,90,110,154,90,pressure,regenerator,
251,6,50,45,generation-ii,forest,humanoid,100,100,100,100,100,100,natural-cure,,
252,5,50,45,generation-iii,forest,upright,40,45,35,65,55,70,overgrow,unburden,
253,9,216,45,generation-iii,forest,upright,50,65,45,85,65,95,overgrow,unburden,
254,17,522,45,generation-iii,forest,upright,70,85,65,105,85,120,overgrow,unburden,
255,4,25,45,generation-iii,grassland,legs,45,60,40,70,50,45,blaze,speed-boost,
256,9,195,45,generation-iii,grassland,upright,60,85,60,85,60,55,blaze,speed-boost,
257,19,520,45,generation-iii,grassland,upright,80,120,70,110,70,80,blaze,speed-boost,
258,4,76,45,generation-iii,waters-edge,quadruped,50,70,50,50,50,40,torrent,damp,
259,7,280,45,generation-iii,waters-edge,upright,70,85,70,60,70,50,torrent,damp,
260,15,819,45,generation-iii,waters-edge,upright,100,110,90,85,90,60,torrent,damp,
261,5,136,255,generation-iii,grassland,quadruped,35,55,35,30,30,35,run-away,quick-feet,rattled
262,10,370,127,generation-iii,grassland,quadruped,70,90,70,60,60,70,intimidate,quick-feet,moxie
263,4,175,255,generation-iii,grassland,quadruped,38,30,41,30,41,60,pickup,gluttony,quick-feet
264,5,325,90,generation-iii,grassland,quadruped,78,70,61,50,61,100,pickup,gluttony,quick-feet
265,3,36,255,generation-iii,forest,armor,45,45,35,20,30,20,shield-dust,run-away,
266,6,100,120,generation-iii,forest,ball,50,35,55,25,25,15,shed-skin,,
267,10,284,45,generation-iii,forest,bug-wings,60,70,50,100,50,65,swarm,rivalry,
268,7,115,120,generation-iii,forest,ball,50,35,55,25,25,15,shed-skin,,
269,12,316,45,generation-iii,forest,bug-wings,60,50,70,50,90,65,shield-dust,compound-eyes,
270,5,26,255,generation-iii,waters-edge,armor,40,30,30,40,50,30,swift-swim,rain-dish,own-tempo
271,12,325,120,generation-iii,waters-edge,humanoid,60,50,50,60,70,50,swift-swim,rain-dish,own-tempo
272,15,550,45,generation-iii,waters-edge,humanoid,80,70,70,90,100,70,swift-swim,rain-dish,own-tempo
273,5,40,255,generation-iii,forest,legs,40,40,50,30,30,30,chlorophyll,early-bird,pickpocket
274,10,280,120,generation-iii,forest,humanoid,70,70,40,60,40,60,chlorophyll,early-bird,pickpocket
275,13,596,45,generation-iii,forest,humanoid,90,100,60,90,60,80,chlorophyll,wind-rider,pickpocket
276,3,23,200,generation-iii,grassland,wings,40,55,30,30,30,85,guts,scrappy,
277,7,198,45,generation-iii,grassland,wings,60,85,60,75,50,125,guts,scrappy,
278,6,95,190,generation-iii,sea,wings,40,30,30,55,30,85,keen-eye,hydration,rain-dish
279,12,280,45,generation-iii,sea,wings,60,50,100,95,70,65,keen-eye,drizzle,rain-dish
280,4,66,235,generation-iii,urban,humanoid,28,25,25,45,35,40,synchronize,trace,telepathy
281,8,202,120,generation-iii,urban,humanoid,38,35,35,65,55,50,synchronize,trace,telepathy
282,16,484,45,generation-iii,urban,humanoid,68,65,65,125,115,80,synchronize,trace,telepathy
283,5,17,200,generation-iii,waters-edge,armor,40,30,32,50,52,65,swift-swim,rain-dish,
284,8,36,75,generation-iii,waters-edge,bug-wings,70,60,62,100,82,80,intimidate,unnerve,
285,4,45,255,generation-iii,forest,legs,60,40,60,40,60,35,effect-spore,poison-heal,quick-feet
286,12,392,90,generation-iii,forest,upright,60,130,80,60,60,70,effect-spore,poison-heal,technician
287,8,240,255,generation-iii,forest,quadruped,60,60,60,35,35,30,truant,,
288,14,465,120,generation-iii,forest,upright,80,80,80,55,55,90,vital-spirit,,
289,20,1305,45,generation-iii,forest,humanoid,150,160,100,95,65,100,truant,,
290,5,55,255,generation-iii,forest,armor,31,45,90,30,30,40,compound-eyes,run-away,
291,8,120,120,generation-iii,forest,bug-wings,61,90,45,50,50,160,speed-boost,infiltrator,
292,8,12,45,generation-iii,forest,blob,1,90,45,30,30,40,wonder-guard,,
293,6,163,190,generation-iii,cave,upright,64,51,23,51,23,28,soundproof,rattled,
294,10,405,120,generation-iii,cave,upright,84,71,43,71,43,48,soundproof,scrappy,
295,15,840,45,generation-iii,cave,upright,104,91,63,91,73,68,soundproof,scrappy,
296,10,864,180,generation-iii,mountain,humanoid,72,60,30,20,30,25,thick-fat,guts,sheer-force
297,23,2538,200,generation-iii,mountain,humanoid,144,120,60,40,60,50,thick-fat,guts,sheer-force
298,2,20,150,generation-iii,waters-edge,legs,50,20,40,20,40,20,thick-fat,huge-power,sap-sipper
299,10,970,255,generation-iii,cave,humanoid,30,45,135,45,90,30,sturdy,magnet-pull,sand-force
300,6,110,255,generation-iii,forest,quadruped,50,45,45,35,35,50,cute-charm,normalize,wonder-skin
301,11,326,60,generation-iii,forest,quadruped,70,65,65,55,55,90,cute-charm,normalize,wonder-skin
302,5,110,45,generation-iii,cave,humanoid,50,75,75,65,65,50,keen-eye,stall,prankster
303,6,115,45,generation-iii,cave,humanoid,50,85,85,55,55,50,hyper-cutter,intimidate,sheer-force
304,4,600,180,generation-iii,mountain,quadruped,50,70,100,40,40,30,sturdy,rock-head,heavy-metal
305,9,1200,90,generation-iii,mountain,quadruped,60,90,140,50,50,40,sturdy,rock-head,heavy-metal
306,21,3600,45,generation-iii,mountain,upright,70,110,180,60,60,50,sturdy,rock-head,heavy-metal
307,6,112,180,generation-iii,mountain,humanoid,30,40,55,40,55,60,pure-power,telepathy,
308,13,315,90,generation-iii,mountain,humanoid,60,60,75,60,75,80,pure-power,telepathy,
309,6,152,120,generation-iii,grassland,quadruped,40,45,40,65,40,65,static,lightning-rod,minus
310,15,402,45,generation-iii,grassland,quadruped,70,75,60,105,60,105,static,lightning-rod,minus
311,4,42,200,generation-iii,grassland,upright,60,50,40,85,75,95,plus,lightning-rod,
312,4,42,200,generation-iii,grassland,upright,60,40,50,75,85,95,minus,volt-absorb,
313,7,177,150,generation-iii,forest,upright,65,73,75,47,85,85,illuminate,swarm,prankster
314,6,177,150,generation-iii,forest,humanoid,65,47,75,73,85,85,oblivious,tinted-lens,prankster
315,3,20,150,generation-iii,grassland,humanoid,50,60,45,100,80,65,natural-cure,poison-point,leaf-guard
316,4,103,225,generation-iii,grassland,arms,70,43,53,43,53,40,liquid-ooze,sticky-hold,gluttony
317,17,800,75,generation-iii,grassland,arms,100,73,83,73,83,55,liquid-ooze,sticky-hold,gluttony
318,8,208,225,generation-iii,sea,fish,45,90,20,65,20,65,rough-skin,speed-boost,
319,18,888,60,generation-iii,sea,fish,70,120,40,95,40,95,rough-skin,speed-boost,
320,20,1300,125,generation-iii,sea,fish,130,70,35,70,35,60,water-veil,oblivious,pressure
321,145,3980,60,generation-iii,sea,fish,170,90,45,90,45,60,water-veil,oblivious,pressure
322,7,240,255,generation-iii,mountain,quadruped,60,60,40,65,45,35,oblivious,simple,own-tempo
323,19,2200,150,generation-iii,mountain,quadruped,70,100,70,105,75,40,magma-armor,solid-rock,anger-point
324,5,804,90,generation-iii,mountain,quadruped,70,85,140,85,70,20,white-smoke,drought,shell-armor
325,7,306,255,generation-iii,mountain,arms,60,25,35,70,80,60,thick-fat,own-tempo,gluttony
326,9,715,60,generation-iii,mountain,upright,80,45,65,90,110,80,thick-fat,own-tempo,gluttony
327,11,50,255,generation-iii,mountain,upright,60,60,60,60,60,60,own-tempo,tangled-feet,contrary
328,7,150,255,generation-iii,rough-terrain,armor,45,100,45,45,45,10,hyper-cutter,arena-trap,sheer-force
329,11,153,120,generation-iii,rough-terrain,bug-wings,50,70,50,50,50,70,levitate,,
330,20,820,45,generation-iii,rough-terrain,wings,80,100,80,80,80,100,levitate,,
331,4,513,190,generation-iii,rough-terrain,humanoid,50,85,40,85,40,35,sand-veil,water-absorb,
332,13,774,60,generation-iii,rough-terrain,humanoid,70,115,60,115,60,55,sand-veil,water-absorb,
333,4,12,255,generation-iii,forest,wings,45,40,60,40,75,50,natural-cure,cloud-nine,
334,11,206,45,generation-iii,forest,wings,75,70,90,70,105,80,natural-cure,cloud-nine,
335,13,403,90,generation-iii,grassland,upright,73,115,60,60,60,90,immunity,toxic-boost,
336,27,525,90,generation-iii,grassland,squiggle,73,100,60,100,60,65,shed-skin,infiltrator,
337,10,1680,45,generation-iii,cave,ball,90,55,65,95,85,70,levitate,,
338,12,1540,45,generation-iii,cave,ball,90,95,85,55,65,70,levitate,,
339,4,19,190,generation-iii,waters-edge,fish,50,48,43,46,41,60,oblivious,anticipation,hydration
340,9,236,75,generation-iii,waters-edge,fish,110,78,73,76,71,60,oblivious,anticipation,hydration
341,6,115,205,generation-iii,waters-edge,armor,43,80,65,50,35,35,hyper-cutter,shell-armor,adaptability
342,11,328,155,generation-iii,waters-edge,armor,63,120,85,90,55,55,hyper-cutter,shell-armor,adaptability
343,5,215,255,generation-iii,rough-terrain,arms,40,40,55,40,70,55,levitate,,
344,15,1080,90,generation-iii,rough-terrain,arms,60,70,105,70,120,75,levitate,,
345,10,238,45,generation-iii,sea,blob,66,41,77,61,87,23,suction-cups,storm-drain,
346,15,604,45,generation-iii,sea,blob,86,81,97,81,107,43,suction-cups,storm-drain,
347,7,125,45,generation-iii,waters-edge,armor,45,95,50,40,50,75,battle-armor,swift-swim,
348,15,682,45,generation-iii,waters-edge,upright,75,125,100,70,80,45,battle-armor,swift-swim,
349,6,74,255,generation-iii,waters-edge,fish,20,15,20,10,55,80,swift-swim,oblivious,adaptability
350,62,1620,60,generation-iii,waters-edge,squiggle,95,60,79,100,125,81,marvel-scale,competitive,cute-charm
351,3,8,45,generation-iii,grassland,ball,70,70,70,70,70,70,forecast,,
352,10,220,200,generation-iii,forest,upright,60,90,70,60,120,40,color-change,protean,
353,6,23,225,generation-iii,urban,ball,44,75,35,63,33,45,insomnia,frisk,cursed-body
354,11,125,45,generation-iii,urban,upright,64,115,65,83,63,65,insomnia,frisk,cursed-body
355,8,150,190,generation-iii,forest,arms,20,40,90,30,90,25,levitate,frisk,
356,16,306,90,generation-iii,forest,humanoid,40,70,130,60,130,25,pressure,frisk,
357,20,1000,200,generation-iii,forest,quadruped,99,68,83,72,87,51,chlorophyll,solar-power,harvest
358,6,10,45,generation-iii,grassland,arms,75,50,80,95,90,65,levitate,,
359,12,470,30,generation-iii,mountain,quadruped,65,130,60,75,60,75,pressure,super-luck,justified
360,6,140,125,generation-iii,cave,upright,95,23,48,23,48,23,shadow-tag,telepathy,
361,7,168,190,generation-iii,cave,humanoid,50,50,50,50,50,50,inner-focus,ice-body,moody
362,15,2565,75,generation-iii,cave,ball,80,80,80,80,80,80,inner-focus,ice-body,moody
363,8,395,255,generation-iii,sea,fish,70,40,50,55,50,25,thick-fat,ice-body,oblivious
364,11,876,120,generation-iii,sea,fish,90,60,70,75,70,45,thick-fat,ice-body,oblivious
365,14,1506,45,generation-iii,sea,quadruped,110,80,90,95,90,65,thick-fat,ice-body,oblivious
366,4,525,255,generation-iii,sea,ball,35,64,85,74,55,32,shell-armor,rattled,
367,17,270,60,generation-iii,sea,squiggle,55,104,105,94,75,52,swift-swim,water-veil,
368,18,226,60,generation-iii,sea,squiggle,55,84,105,114,75,52,swift-swim,hydration,
369,10,234,25,generation-iii,sea,fish,100,90,130,45,65,55,swift-swim,rock-head,sturdy
370,6,87,225,generation-iii,sea,fish,43,30,55,40,65,97,swift-swim,hydration,
371,6,421,45,generation-iii,rough-terrain,humanoid,45,75,60,40,30,50,rock-head,sheer-force,
372,11,1105,45,generation-iii,rough-terrain,quadruped,65,95,100,60,50,50,rock-head,overcoat,
373,15,1026,45,generation-iii,rough-terrain,quadruped,95,135,80,110,80,100,intimidate,moxie,
374,6,952,3,generation-iii,rough-terrain,blob,40,55,80,35,60,30,clear-body,light-metal,
375,12,2025,3,generation-iii,rough-terrain,arms,60,75,100,55,80,50,clear-body,light-metal,
376,16,5500,3,generation-iii,rough-terrain,heads,80,135,130,95,90,70,clear-body,light-metal,
377,17,2300,3,generation-iii,cave,humanoid,80,100,200,50,100,50,clear-body,sturdy,
378,18,1750,3,generation-iii,cave,humanoid,80,50,100,100,200,50,clear-body,ice-body,
379,19,2050,3,generation-iii,cave,humanoid,80,75,150,75,150,50,clear-body,light-metal,
380,14,400,3,generation-iii,waters-edge,wings,80,80,90,110,130,110,levitate,,
381,20,600,3,generation-iii,waters-edge,wings,80,90,80,130,110,110,levitate,,
382,45,3520,3,generation-iii,sea,fish,100,100,90,150,140,90,drizzle,,
383,35,9500,3,generation-iii,rough-terrain,upright,100,150,140,100,90,90,drought,,
384,70,2065,45,generation-iii,rare,squiggle,105,150,90,150,90,95,air-lock,,
385,3,11,3,generation-iii,mountain,humanoid,100,100,100,100,100,100,serene-grace,,
386,17,608,3,generation-iii,rare,humanoid,50,150,50,150,50,150,pressure,,
387,4,102,45,generation-iv,,quadruped,55,68,64,45,55,31,overgrow,shell-armor,
388,11,970,45,generation-iv,,quadruped,75,89,85,55,65,36,overgrow,shell-armor,
389,22,3100,45,generation-iv,,quadruped,95,109,105,75,85,56,overgrow,shell-armor,
390,5,62,45,generation-iv,,upright,44,58,44,58,44,61,blaze,iron-fist,
391,9,220,45,generation-iv,,upright,64,78,52,78,52,81,blaze,iron-fist,
392,12,550,45,generation-iv,,upright,76,104,71,104,71,108,blaze,iron-fist,
393,4,52,45,generation-iv,,humanoid,53,51,53,61,56,40,torrent,competitive,
394,8,230,45,generation-iv,,upright,64,66,68,81,76,50,torrent,competitive,
395,17,845,45,generation-iv,,upright,84,86,88,111,101,60,torrent,competitive,
396,3,20,255,generation-iv,,wings,40,55,30,30,30,60,keen-eye,reckless,
397,6,155,120,generation-iv,,wings,55,75,50,40,40,80,intimidate,reckless,
398,12,249,45,generation-iv,,wings,85,120,70,50,60,100,intimidate,reckless,
399,5,200,255,generation-iv,,quadruped,59,45,40,35,40,31,simple,unaware,moody
400,10,315,127,generation-iv,,upright,79,85,60,55,60,71,simple,unaware,moody
401,3,22,255,generation-iv,,humanoid,37,25,41,25,41,25,shed-skin,run-away,
402,10,255,45,generation-iv,,bug-wings,77,85,51,55,51,65,swarm,technician,
403,5,95,235,generation-iv,,quadruped,45,65,34,40,34,45,rivalry,intimidate,guts
404,9,305,120,generation-iv,,quadruped,60,85,49,60,49,60,rivalry,intimidate,guts
405,14,420,45,generation-iv,,quadruped,80,120,79,95,79,70,rivalry,intimidate,guts
406,2,12,255,generation-iv,,humanoid,40,30,35,50,70,55,natural-cure,poison-point,leaf-guard
407,9,145,75,generation-iv,,humanoid,60,70,65,125,105,90,natural-cure,poison-point,technician
408,9,315,45,generation-iv,,upright,67,125,40,30,30,58,mold-breaker,sheer-force,
409,16,1025,45,generation-iv,,upright,97,165,60,65,50,58,mold-breaker,sheer-force,
410,5,570,45,generation-iv,,quadruped,30,42,118,42,88,30,sturdy,soundproof,
411,13,1495,45,generation-iv,,quadruped,60,52,168,47,138,30,sturdy,soundproof,
412,2,34,120,generation-iv,,blob,40,29,45,29,45,36,shed-skin,overcoat,
413,5,65,45,generation-iv,,blob,60,59,85,79,105,36,anticipation,overcoat,
414,9,233,45,generation-iv,,bug-wings,70,94,50,94,50,66,swarm,tinted-lens,
415,3,55,120,generation-iv,,heads,30,30,42,30,42,70,honey-gather,hustle,
416,12,385,45,generation-iv,,bug-wings,70,80,102,80,102,40,pressure,unnerve,
417,4,39,200,generation-iv,,quadruped,60,45,70,45,90,95,run-away,pickup,volt-absorb
418,7,295,190,generation-iv,,quadruped,55,65,35,60,30,85,swift-swim,water-veil,
419,11,335,75,generation-iv,,quadruped,85,105,55,85,50,115,swift-swim,water-veil,
420,4,33,190,generation-iv,,heads,45,35,45,62,53,35,chlorophyll,,
421,5,93,75,generation-iv,,legs,70,60,70,87,78,85,flower-gift,,
422,3,63,190,generation-iv,,squiggle,76,48,48,57,62,34,sticky-hold,storm-drain,sand-force
423,9,299,75,generation-iv,,squiggle,111,83,68,92,82,39,sticky-hold,storm-drain,sand-force
424,12,203,45,generation-iv,,upright,75,100,66,60,66,115,technician,pickup,skill-link
425,4,12,125,generation-iv,,arms,90,50,34,60,44,70,aftermath,unburden,flare-boost
426,12,150,60,generation-iv,,arms,150,80,44,90,54,80,aftermath,unburden,flare-boost
427,4,55,190,generation-iv,,upright,55,66,44,44,56,85,run-away,klutz,limber
428,12,333,60,generation-iv,,upright,65,76,84,54,96,105,cute-charm,klutz,limber
429,9,44,45,generation-iv,,ball,60,60,60,105,105,105,levitate,,
430,9,273,30,generation-iv,,wings,100,125,52,105,52,71,insomnia,super-luck,moxie
431,5,39,190,generation-iv,,quadruped,49,55,42,42,37,85,limber,own-tempo,keen-eye
432,10,438,75,generation-iv,,quadruped,71,82,64,64,59,112,thick-fat,own-tempo,defiant
433,2,6,120,generation-iv,,humanoid,45,30,50,65,50,45,levitate,,
434,4,192,225,generation-iv,,quadruped,63,63,47,41,41,74,stench,aftermath,keen-eye
435,10,380,60,generation-iv,,quadruped,103,93,67,71,61,84,stench,aftermath,keen-eye
436,5,605,255,generation-iv,,ball,57,24,86,24,86,23,levitate,heatproof,heavy-metal
437,13,1870,90,generation-iv,,arms,67,89,116,79,116,33,levitate,heatproof,heavy-metal
438,5,150,255,generation-iv,,legs,50,80,95,10,45,10,sturdy,rock-head,rattled
439,6,130,145,generation-iv,,humanoid,20,25,45,70,90,60,soundproof,filter,technician
440,6,244,130,generation-iv,,humanoid,100,5,5,15,65,30,natural-cure,serene-grace,friend-guard
441,5,19,30,generation-iv,,wings,76,65,45,92,42,91,keen-eye,tangled-feet,big-pecks
442,10,1080,100,generation-iv,,blob,50,92,108,92,108,35,pressure,infiltrator,
443,7,205,45,generation-iv,,upright,58,70,45,40,45,42,sand-veil,rough-skin,
444,14,560,45,generation-iv,,upright,68,90,65,50,55,82,sand-veil,rough-skin,
445,19,950,45,generation-iv,,upright,108,130,95,80,85,102,sand-veil,rough-skin,
446,6,1050,50,generation-iv,,humanoid,135,85,40,40,85,5,pickup,thick-fat,gluttony
447,7,202,75,generation-iv,,upright,40,70,40,35,40,60,steadfast,inner-focus,prankster
448,12,540,45,generation-iv,,upright,70,110,70,115,70,90,steadfast,inner-focus,justified
449,8,495,140,generation-iv,,quadruped,68,72,78,38,42,32,sand-stream,sand-force,
450,20,3000,60,generation-iv,,quadruped,108,112,118,68,72,47,sand-stream,sand-force,
451,8,120,120,generation-iv,,armor,40,50,90,30,55,65,battle-armor,sniper,keen-eye
452,13,615,45,generation-iv,,armor,70,90,110,60,75,95,battle-armor,sniper,keen-eye
453,7,230,140,generation-iv,,humanoid,48,61,40,61,40,50,anticipation,dry-skin,poison-touch
454,13,444,75,generation-iv,,humanoid,83,106,65,86,65,85,anticipation,dry-skin,poison-touch
455,14,270,200,generation-iv,,tentacles,74,100,72,90,72,46,levitate,,
456,4,70,190,generation-iv,,fish,49,49,56,49,61,66,swift-swim,storm-drain,water-veil
457,12,240,75,generation-iv,,fish,69,69,76,69,86,91,swift-swim,storm-drain,water-veil
458,10,650,25,generation-iv,,wings,45,20,50,60,120,50,swift-swim,water-absorb,water-veil
459,10,505,120,generation-iv,,upright,60,62,50,62,60,40,snow-warning,soundproof,
460,22,1355,60,generation-iv,,upright,90,92,75,92,85,60,snow-warning,soundproof,
461,11,340,45,generation-iv,,upright,70,120,65,45,85,125,pressure,pickpocket,
462,12,1800,30,generation-iv,,arms,70,70,115,130,90,60,magnet-pull,sturdy,analytic
463,17,1400,30,generation-iv,,humanoid,110,85,95,80,95,50,own-tempo,oblivious,cloud-nine
464,24,2828,30,generation-iv,,upright,115,140,130,55,55,40,lightning-rod,solid-rock,reckless
465,20,1286,30,generation-iv,,humanoid,100,100,125,110,50,50,chlorophyll,leaf-guard,regenerator
466,18,1386,30,generation-iv,,upright,75,123,67,95,85,95,motor-drive,vital-spirit,
467,16,680,30,generation-iv,,upright,75,95,67,125,95,83,flame-body,vital-spirit,
468,15,380,30,generation-iv,,wings,85,50,95,120,115,80,hustle,serene-grace,super-luck
469,19,515,30,generation-iv,,bug-wings,86,76,86,116,56,95,speed-boost,tinted-lens,frisk
470,10,255,45,generation-iv,,quadruped,65,110,130,60,65,95,leaf-guard,chlorophyll,
471,8,259,45,generation-iv,,quadruped,65,60,110,130,95,65,snow-cloak,ice-body,
472,20,425,30,generation-iv,,wings,75,95,125,45,75,95,hyper-cutter,sand-veil,poison-heal
473,25,2910,50,generation-iv,,quadruped,110,130,80,70,60,80,oblivious,snow-cloak,thick-fat
474,9,340,30,generation-iv,,arms,85,80,70,135,75,90,adaptability,download,analytic
475,16,520,45,generation-iv,,humanoid,68,125,65,65,115,80,steadfast,sharpness,justified
476,14,3400,60,generation-iv,,heads,60,55,145,75,150,40,sturdy,magnet-pull,sand-force
477,22,1066,45,generation-iv,,arms,45,100,135,65,135,45,pressure,frisk,
478,13,266,75,generation-iv,,arms,70,80,70,80,70,110,snow-cloak,cursed-body,
479,3,3,45,generation-iv,,ball,50,50,77,95,77,91,levitate,,
480,3,3,3,generation-iv,,upright,75,75,130,75,130,95,levitate,,
481,3,3,3,generation-iv,,upright,80,105,105,105,105,80,levitate,,
482,3,3,3,generation-iv,,upright,75,125,70,125,70,115,levitate,,
483,54,6830,3,generation-iv,,quadruped,100,120,120,150,100,90,pressure,telepathy,
484,42,3360,3,generation-iv,,upright,90,120,100,150,120,100,pressure,telepathy,
485,17,4300,3,generation-iv,,quadruped,91,90,106,130,106,77,flash-fire,flame-body,
486,37,4200,3,generation-iv,,humanoid,110,160,110,80,110,100,slow-start,,
487,45,7500,3,generation-iv,,tentacles,150,100,120,100,120,90,pressure,telepathy,
488,15,856,3,generation-iv,,squiggle,120,70,110,75,120,85,levitate,,
489,4,31,30,generation-iv,,arms,80,80,80,80,80,80,hydration,,
490,3,14,3,generation-iv,,humanoid,100,100,100,100,100,100,hydration,,
491,15,505,3,generation-iv,,humanoid,70,90,90,135,90,125,bad-dreams,,
492,2,21,45,generation-iv,,quadruped,100,100,100,100,100,100,natural-cure,,
493,32,3200,3,generation-iv,,quadruped,120,120,120,120,120,120,multitype,,
494,4,40,3,generation-v,,humanoid,100,100,100,100,100,100,victory-star,,
495,6,81,45,generation-v,,upright,45,45,55,45,55,63,overgrow,contrary,
496,8,160,45,generation-v,,upright,60,60,75,60,75,83,overgrow,contrary,
497,33,630,45,generation-v,,squiggle,75,75,95,75,95,113,overgrow,contrary,
498,5,99,45,generation-v,,quadruped,65,63,45,45,45,45,blaze,thick-fat,
499,10,555,45,generation-v,,upright,90,93,55,70,55,55,blaze,thick-fat,
500,16,1500,45,generation-v,,upright,110,123,65,100,65,65,blaze,reckless,
501,5,59,45,generation-v,,upright,55,55,45,63,45,45,torrent,shell-armor,
502,8,245,45,generation-v,,upright,75,75,60,83,60,60,torrent,shell-armor,
503,15,946,45,generation-v,,quadruped,95,100,85,108,70,70,torrent,shell-armor,
504,5,116,255,generation-v,,quadruped,45,55,39,35,39,42,run-away,keen-eye,analytic
505,11,270,255,generation-v,,upright,60,85,69,60,69,77,illuminate,keen-eye,analytic
506,4,41,255,generation-v,,quadruped,45,60,45,25,45,55,vital-spirit,pickup,run-away
507,9,147,120,generation-v,,quadruped,65,80,65,35,65,60,intimidate,sand-rush,scrappy
508,12,610,45,generation-v,,quadruped,85,110,90,45,90,80,intimidate,sand-rush,scrappy
509,4,101,255,generation-v,,quadruped,41,50,37,50,37,66,limber,unburden,prankster
510,11,375,90,generation-v,,quadruped,64,88,50,88,50,106,limber,unburden,prankster
511,6,105,190,generation-v,,upright,50,53,48,53,48,64,gluttony,overgrow,
512,11,305,75,generation-v,,upright,75,98,63,98,63,101,gluttony,overgrow,
513,6,110,190,generation-v,,upright,50,53,48,53,48,64,gluttony,blaze,
514,10,280,75,generation-v,,upright,75,98,63,98,63,101,gluttony,blaze,
515,6,135,190,generation-v,,upright,50,53,48,53,48,64,gluttony,torrent,
516,10,290,75,generation-v,,upright,75,98,63,98,63,101,gluttony,torrent,
517,6,233,190,generation-v,,quadruped,76,25,45,67,55,24,forewarn,synchronize,telepathy
518,11,605,75,generation-v,,humanoid,116,55,85,107,95,29,forewarn,synchronize,telepathy
519,3,21,255,generation-v,,wings,50,55,50,36,30,43,big-pecks,super-luck,rivalry
520,6,150,120,generation-v,,wings,62,77,62,50,42,65,big-pecks,super-luck,rivalry
521,12,290,45,generation-v,,wings,80,115,80,65,55,93,big-pecks,super-luck,rivalry
522,8,298,190,generation-v,,quadruped,45,60,32,50,32,76,lightning-rod,motor-drive,sap-sipper
523,16,795,75,generation-v,,quadruped,75,100,63,80,63,116,lightning-rod,motor-drive,sap-sipper
524,4,180,255,generation-v,,legs,55,75,85,25,25,15,sturdy,weak-armor,sand-force
525,9,1020,120,generation-v,,tentacles,70,105,105,50,40,20,sturdy,weak-armor,sand-force
526,17,2600,45,generation-v,,tentacles,85,135,130,60,80,25,sturdy,sand-stream,sand-force
527,4,21,190,generation-v,,wings,65,45,43,55,43,72,unaware,klutz,simple
528,9,105,45,generation-v,,wings,67,57,55,77,55,114,unaware,klutz,simple
529,3,85,120,generation-v,,upright,60,85,40,30,45,68,sand-rush,sand-force,mold-breaker
530,7,404,60,generation-v,,humanoid,110,135,60,50,65,88,sand-rush,sand-force,mold-breaker
531,11,310,255,generation-v,,upright,103,60,86,60,86,50,healer,regenerator,klutz
532,6,125,180,generation-v,,humanoid,75,80,55,25,35,35,guts,sheer-force,iron-fist
533,12,400,90,generation-v,,humanoid,85,105,85,40,50,40,guts,sheer-force,iron-fist
534,14,870,45,generation-v,,humanoid,105,140,95,55,65,45,guts,sheer-force,iron-fist
535,5,45,255,generation-v,,fish,50,50,40,50,40,64,swift-swim,hydration,water-absorb
536,8,170,120,generation-v,,upright,75,65,55,65,55,69,swift-swim,hydration,water-absorb
537,15,620,45,generation-v,,humanoid,105,95,75,85,75,74,swift-swim,poison-touch,water-absorb
538,13,555,45,generation-v,,humanoid,120,100,85,30,85,45,guts,inner-focus,mold-breaker
539,14,510,45,generation-v,,humanoid,75,125,75,30,75,85,sturdy,inner-focus,mold-breaker
540,3,25,255,generation-v,,armor,45,53,70,40,60,42,swarm,chlorophyll,overcoat
541,5,73,120,generation-v,,arms,55,63,90,50,80,42,leaf-guard,chlorophyll,overcoat
542,12,205,45,generation-v,,humanoid,75,103,80,70,80,92,swarm,chlorophyll,overcoat
543,4,53,255,generation-v,,armor,30,45,59,30,39,57,poison-point,swarm,speed-boost
544,12,585,120,generation-v,,ball,40,55,99,40,79,47,poison-point,swarm,speed-boost
545,25,2005,45,generation-v,,armor,60,100,89,55,69,112,poison-point,swarm,speed-boost
546,3,6,190,generation-v,,ball,40,27,60,37,50,66,prankster,infiltrator,chlorophyll
547,7,66,75,generation-v,,humanoid,60,67,85,77,75,116,prankster,infiltrator,chlorophyll
548,5,66,190,generation-v,,blob,45,35,50,70,50,30,chlorophyll,own-tempo,leaf-guard
549,11,163,75,generation-v,,blob,70,60,75,110,75,90,chlorophyll,own-tempo,leaf-guard
550,10,180,25,generation-v,,fish,70,92,65,80,55,98,reckless,adaptability,mold-breaker
551,7,152,180,generation-v,,quadruped,50,72,35,35,35,65,intimidate,moxie,anger-point
552,10,334,90,generation-v,,quadruped,60,82,45,45,45,74,intimidate,moxie,anger-point
553,15,963,45,generation-v,,upright,95,117,80,65,70,92,intimidate,moxie,anger-point
554,6,375,120,generation-v,,humanoid,70,90,45,15,45,50,hustle,inner-focus,
555,13,929,60,generation-v,,quadruped,105,140,55,30,55,95,sheer-force,zen-mode,
556,10,280,255,generation-v,,blob,75,86,67,106,67,60,water-absorb,chlorophyll,storm-drain
557,3,145,190,generation-v,,armor,50,65,85,35,35,55,sturdy,shell-armor,weak-armor
558,14,2000,75,generation-v,,armor,70,105,125,65,75,45,sturdy,shell-armor,weak-armor
559,6,118,180,generation-v,,upright,50,75,70,35,70,48,shed-skin,moxie,intimidate
560,11,300,90,generation-v,,upright,65,90,115,45,115,58,shed-skin,moxie,intimidate
561,14,140,45,generation-v,,wings,72,58,80,103,80,97,wonder-skin,magic-guard,tinted-lens
562,5,15,190,generation-v,,arms,38,30,85,55,65,30,mummy,,
563,17,765,90,generation-v,,blob,58,50,145,95,105,30,mummy,,
564,7,165,45,generation-v,,quadruped,54,78,103,53,45,22,solid-rock,sturdy,swift-swim
565,12,810,45,generation-v,,upright,74,108,133,83,65,32,solid-rock,sturdy,swift-swim
566,5,95,45,generation-v,,wings,55,112,45,74,45,70,defeatist,,
567,14,320,45,generation-v,,wings,75,140,65,112,65,110,defeatist,,
568,6,310,190,generation-v,,humanoid,50,50,62,40,62,65,stench,sticky-hold,aftermath
569,19,1073,60,generation-v,,humanoid,80,95,82,60,82,75,stench,weak-armor,aftermath
570,7,125,75,generation-v,,quadruped,40,65,40,80,40,65,illusion,,
571,16,811,45,generation-v,,upright,60,105,60,120,60,105,illusion,,
572,4,58,255,generation-v,,quadruped,55,50,40,40,40,75,cute-charm,technician,skill-link
573,5,75,60,generation-v,,quadruped,75,95,60,65,60,115,cute-charm,technician,skill-link
574,4,58,200,generation-v,,humanoid,45,30,50,55,65,45,frisk,competitive,shadow-tag
575,7,180,100,generation-v,,humanoid,60,45,70,75,85,55,frisk,competitive,shadow-tag
576,15,440,50,generation-v,,humanoid,70,55,95,95,110,65,frisk,competitive,shadow-tag
577,3,10,200,generation-v,,ball,45,30,40,105,50,20,overcoat,magic-guard,regenerator
578,6,80,100,generation-v,,ball,65,40,50,125,60,30,overcoat,magic-guard,regenerator
579,10,201,50,generation-v,,arms,110,65,75,125,85,30,overcoat,magic-guard,regenerator
580,5,55,190,generation-v,,wings,62,44,50,44,50,55,keen-eye,big-pecks,hydration
581,13,242,45,generation-v,,wings,75,87,63,87,63,98,keen-eye,big-pecks,hydration
582,4,57,255,generation-v,,blob,36,50,50,65,60,44,ice-body,snow-cloak,weak-armor
583,11,410,120,generation-v,,blob,51,65,65,80,75,59,ice-body,snow-cloak,weak-armor
584,13,575,45,generation-v,,heads,71,95,85,110,95,79,ice-body,snow-warning,weak-armor
585,6,195,190,generation-v,,quadruped,60,60,50,40,50,75,chlorophyll,sap-sipper,serene-grace
586,19,925,75,generation-v,,quadruped,80,100,70,60,70,95,chlorophyll,sap-sipper,serene-grace
587,4,50,200,generation-v,,quadruped,55,75,60,75,60,103,static,motor-drive,
588,5,59,200,generation-v,,humanoid,50,75,45,40,45,60,swarm,shed-skin,no-guard
589,10,330,75,generation-v,,arms,70,135,105,60,105,20,swarm,shell-armor,overcoat
590,2,10,190,generation-v,,arms,69,55,45,55,55,15,effect-spore,regenerator,
591,6,105,75,generation-v,,arms,114,85,70,85,80,30,effect-spore,regenerator,
592,12,330,190,generation-v,,tentacles,55,40,50,65,85,40,water-absorb,cursed-body,damp
593,22,1350,60,generation-v,,tentacles,100,60,70,85,105,60,water-absorb,cursed-body,damp
594,12,316,75,generation-v,,fish,165,75,80,40,45,65,healer,hydration,regenerator
595,1,6,190,generation-v,,armor,50,47,50,57,50,65,compound-eyes,unnerve,swarm
596,8,143,75,generation-v,,armor,70,77,60,97,60,108,compound-eyes,unnerve,swarm
597,6,188,255,generation-v,,ball,44,50,91,24,86,10,iron-barbs,,
598,10,1100,90,generation-v,,tentacles,74,94,131,54,116,20,iron-barbs,anticipation,
599,3,210,130,generation-v,,heads,40,55,70,45,60,30,plus,minus,clear-body
600,6,510,60,generation-v,,heads,60,80,95,70,85,50,plus,minus,clear-body
601,6,810,30,generation-v,,heads,60,100,115,70,85,90,plus,minus,clear-body
602,2,3,190,generation-v,,fish,35,55,40,45,40,60,levitate,,
603,12,220,60,generation-v,,fish,65,85,70,75,70,40,levitate,,
604,21,805,30,generation-v,,fish,85,115,80,105,80,50,levitate,,
605,5,90,255,generation-v,,upright,55,55,55,85,55,30,telepathy,synchronize,analytic
606,10,345,90,generation-v,,humanoid,75,75,75,125,95,40,telepathy,synchronize,analytic
607,3,31,190,generation-v,,blob,50,30,55,65,55,20,flash-fire,flame-body,infiltrator
608,6,130,90,generation-v,,arms,60,40,60,95,60,55,flash-fire,flame-body,infiltrator
609,10,343,45,generation-v,,arms,60,55,90,145,90,80,flash-fire,flame-body,infiltrator
610,6,180,75,generation-v,,upright,46,87,60,30,40,57,rivalry,mold-breaker,unnerve
611,10,360,60,generation-v,,upright,66,117,70,40,50,67,rivalry,mold-breaker,unnerve
612,18,1055,45,generation-v,,upright,76,147,90,60,70,97,rivalry,mold-breaker,unnerve
613,5,85,120,generation-v,,upright,55,70,40,60,40,40,snow-cloak,slush-rush,rattled
614,26,2600,60,generation-v,,quadruped,95,130,80,70,80,50,snow-cloak,slush-rush,swift-swim
615,11,1480,25,generation-v,,ball,80,50,50,95,135,105,levitate,,
616,4,77,200,generation-v,,ball,50,40,85,40,65,25,hydration,shell-armor,overcoat
617,8,253,75,generation-v,,arms,80,70,40,100,60,145,hydration,sticky-hold,unburden
618,7,110,75,generation-v,,fish,109,66,84,81,99,32,static,limber,sand-veil
619,9,200,180,generation-v,,upright,45,85,50,55,50,65,inner-focus,regenerator,reckless
620,14,355,45,generation-v,,upright,65,125,60,95,60,105,inner-focus,regenerator,reckless
621,16,1390,45,generation-v,,upright,77,120,90,60,90,48,rough-skin,sheer-force,mold-breaker
622,10,920,190,generation-v,,humanoid,59,74,50,35,50,35,iron-fist,klutz,no-guard
623,28,3300,90,generation-v,,humanoid,89,124,80,55,80,55,iron-fist,klutz,no-guard
624,5,102,120,generation-v,,humanoid,45,85,70,40,40,60,defiant,inner-focus,pressure
625,16,700,45,generation-v,,humanoid,65,125,100,60,70,70,defiant,inner-focus,pressure
626,16,946,45,generation-v,,quadruped,95,110,95,40,95,55,reckless,sap-sipper,soundproof
627,5,105,190,generation-v,,wings,70,83,50,37,50,60,keen-eye,sheer-force,hustle
628,15,410,60,generation-v,,wings,100,123,75,57,75,80,keen-eye,sheer-force,defiant
629,5,90,190,generation-v,,wings,70,55,75,45,65,60,big-pecks,overcoat,weak-armor
630,12,395,60,generation-v,,wings,110,65,105,55,95,80,big-pecks,overcoat,weak-armor
631,14,580,90,generation-v,,upright,85,97,66,105,66,65,gluttony,flash-fire,white-smoke
632,3,330,90,generation-v,,armor,58,109,112,48,48,109,swarm,hustle,truant
633,8,173,45,generation-v,,quadruped,52,65,50,45,50,38,hustle,,
634,14,500,45,generation-v,,quadruped,72,85,70,65,70,58,hustle,,
635,18,1600,45,generation-v,,upright,92,105,90,125,90,98,levitate,,
636,11,288,45,generation-v,,armor,55,85,55,50,55,60,flame-body,swarm,
637,16,460,15,generation-v,,bug-wings,85,60,65,135,105,100,flame-body,swarm,
638,21,2500,3,generation-v,,quadruped,91,90,129,90,72,108,justified,,
639,19,2600,3,generation-v,,quadruped,91,129,90,72,90,108,justified,,
640,20,2000,3,generation-v,,quadruped,91,90,72,90,129,108,justified,,
641,15,630,3,generation-v,,arms,79,115,70,125,80,111,prankster,defiant,
642,15,610,3,generation-v,,arms,79,115,70,125,80,111,prankster,defiant,
643,32,3300,3,generation-v,,wings,100,120,100,150,120,90,turboblaze,,
644,29,3450,3,generation-v,,upright,100,150,120,120,100,90,teravolt,,
645,15,680,3,generation-v,,arms,89,125,90,115,80,101,sand-force,sheer-force,
646,30,3250,3,generation-v,,upright,125,130,90,130,90,95,pressure,,
647,14,485,3,generation-v,,quadruped,91,72,90,129,90,108,justified,,
648,6,65,3,generation-v,,humanoid,100,77,77,128,128,90,serene-grace,,
649,15,825,3,generation-v,,humanoid,71,120,95,120,95,99,download,,
650,4,90,45,generation-vi,,upright,56,61,65,48,45,38,overgrow,bulletproof,
651,7,290,45,generation-vi,,upright,61,78,95,56,58,57,overgrow,bulletproof,
652,16,900,45,generation-vi,,upright,88,107,122,74,75,64,overgrow,bulletproof,
653,4,94,45,generation-vi,,quadruped,40,45,40,62,60,60,blaze,magician,
654,10,145,45,generation-vi,,upright,59,59,58,90,70,73,blaze,magician,
655,15,390,45,generation-vi,,upright,75,69,72,114,100,104,blaze,magician,
656,3,70,45,generation-vi,,quadruped,41,56,40,62,44,71,torrent,protean,
657,6,109,45,generation-vi,,humanoid,54,63,52,83,56,97,torrent,protean,
658,15,400,45,generation-vi,,humanoid,72,95,67,103,71,122,torrent,protean,
659,4,50,255,generation-vi,,upright,38,36,38,32,36,57,pickup,cheek-pouch,huge-power
660,10,424,127,generation-vi,,upright,85,56,77,50,77,78,pickup,cheek-pouch,huge-power
661,3,17,255,generation-vi,,wings,45,50,43,40,38,62,big-pecks,gale-wings,
662,7,160,120,generation-vi,,wings,62,73,55,56,52,84,flame-body,gale-wings,
663,12,245,45,generation-vi,,wings,78,81,71,74,69,126,flame-body,gale-wings,
664,3,25,255,generation-vi,,armor,38,35,40,27,25,35,shield-dust,compound-eyes,friend-guard
665,3,84,120,generation-vi,,blob,45,22,60,27,30,29,shed-skin,friend-guard,
666,12,170,45,generation-vi,,bug-wings,80,52,50,90,50,89,shield-dust,compound-eyes,friend-guard
667,6,135,220,generation-vi,,quadruped,62,50,58,73,54,72,rivalry,unnerve,moxie
668,15,815,65,generation-vi,,quadruped,86,68,72,109,66,106,rivalry,unnerve,moxie
669,1,1,225,generation-vi,,arms,44,38,39,61,79,42,flower-veil,symbiosis,
670,2,9,120,generation-vi,,arms,54,45,47,75,98,52,flower-veil,symbiosis,
671,11,100,45,generation-vi,,arms,78,65,68,112,154,75,flower-veil,symbiosis,
672,9,310,200,generation-vi,,quadruped,66,65,48,62,57,52,sap-sipper,grass-pelt,
673,17,910,45,generation-vi,,quadruped,123,100,62,97,81,68,sap-sipper,grass-pelt,
674,6,80,220,generation-vi,,upright,67,82,62,46,48,43,iron-fist,mold-breaker,scrappy
675,21,1360,65,generation-vi,,humanoid,95,124,78,69,71,58,iron-fist,mold-breaker,scrappy
676,12,280,160,generation-vi,,quadruped,75,80,60,65,90,102,fur-coat,,
677,3,35,190,generation-vi,,upright,62,48,54,63,60,68,keen-eye,infiltrator,own-tempo
678,6,85,75,generation-vi,,upright,74,48,76,83,81,104,keen-eye,infiltrator,prankster
679,8,20,180,generation-vi,,blob,45,80,100,35,37,28,no-guard,,
680,8,45,90,generation-vi,,heads,59,110,150,45,49,35,no-guard,,
681,17,530,45,generation-vi,,blob,60,50,140,50,140,60,stance-change,,
682,2,5,200,generation-vi,,arms,78,52,60,63,65,23,healer,aroma-veil,
683,8,155,140,generation-vi,,humanoid,101,72,72,99,89,29,healer,aroma-veil,
684,4,35,200,generation-vi,,legs,62,48,66,59,57,49,sweet-veil,unburden,
685,8,50,140,generation-vi,,humanoid,82,80,86,85,75,72,sweet-veil,unburden,
686,4,35,190,generation-vi,,tentacles,53,54,53,37,46,45,contrary,suction-cups,infiltrator
687,15,470,80,generation-vi,,blob,86,92,88,68,75,73,contrary,suction-cups,infiltrator
688,5,310,120,generation-vi,,heads,42,52,67,39,56,50,tough-claws,sniper,pickpocket
689,13,960,45,generation-vi,,heads,72,105,115,54,86,68,tough-claws,sniper,pickpocket
690,5,73,225,generation-vi,,blob,50,60,60,60,60,30,poison-point,poison-touch,adaptability
691,18,815,55,generation-vi,,blob,65,75,90,97,123,44,poison-point,poison-touch,adaptability
692,5,83,225,generation-vi,,armor,50,53,62,58,63,44,mega-launcher,,
693,13,353,55,generation-vi,,squiggle,71,73,88,120,89,59,mega-launcher,,
694,5,60,190,generation-vi,,upright,44,38,33,61,43,70,dry-skin,sand-veil,solar-power
695,10,210,75,generation-vi,,upright,62,55,52,109,94,109,dry-skin,sand-veil,solar-power
696,8,260,45,generation-vi,,upright,58,89,77,45,45,48,strong-jaw,sturdy,
697,25,2700,45,generation-vi,,upright,82,121,119,69,59,71,strong-jaw,rock-head,
698,13,252,45,generation-vi,,quadruped,77,59,50,67,63,46,refrigerate,snow-warning,
699,27,2250,45,generation-vi,,quadruped,123,77,72,99,92,58,refrigerate,snow-warning,
700,10,235,45,generation-vi,,quadruped,95,65,65,110,130,60,cute-charm,pixilate,
701,8,215,100,generation-vi,,humanoid,78,92,75,74,63,118,limber,unburden,mold-breaker
702,2,22,180,generation-vi,,upright,67,58,57,81,67,101,cheek-pouch,pickup,plus
703,3,57,60,generation-vi,,ball,50,50,150,50,150,50,clear-body,sturdy,
704,3,28,45,generation-vi,,squiggle,45,50,35,55,75,40,sap-sipper,hydration,gooey
705,8,175,45,generation-vi,,squiggle,68,75,53,83,113,60,sap-sipper,hydration,gooey
706,20,1505,45,generation-vi,,upright,90,100,70,110,150,80,sap-sipper,hydration,gooey
707,2,30,75,generation-vi,,ball,57,80,91,80,87,75,prankster,magician,
708,4,70,120,generation-vi,,arms,43,70,48,50,60,38,natural-cure,frisk,harvest
709,15,710,60,generation-vi,,tentacles,85,110,76,65,82,56,natural-cure,frisk,harvest
710,4,50,120,generation-vi,,ball,49,66,70,44,55,51,pickup,frisk,insomnia
711,9,125,60,generation-vi,,blob,65,90,122,58,75,84,pickup,frisk,insomnia
712,10,995,190,generation-vi,,quadruped,55,69,85,32,35,28,own-tempo,ice-body,sturdy
713,20,5050,55,generation-vi,,quadruped,95,117,184,44,46,28,own-tempo,ice-body,sturdy
714,5,80,190,generation-vi,,wings,40,30,35,45,40,55,frisk,infiltrator,telepathy
715,15,850,45,generation-vi,,wings,85,70,80,97,80,123,frisk,infiltrator,telepathy
716,30,2150,45,generation-vi,,quadruped,126,131,95,131,98,99,fairy-aura,,
717,58,2030,45,generation-vi,,wings,126,131,95,131,98,99,dark-aura,,
718,50,3050,3,generation-vi,,squiggle,108,100,121,81,95,95,aura-break,,
719,7,88,3,generation-vi,,arms,50,100,150,100,150,50,clear-body,,
720,5,90,3,generation-vi,,arms,80,110,60,150,130,70,magician,,
721,17,1950,3,generation-vi,,quadruped,80,110,120,130,90,70,water-absorb,,
722,3,15,45,generation-vii,,wings,68,55,55,50,50,42,overgrow,long-reach,
723,7,160,45,generation-vii,,wings,78,75,75,70,70,52,overgrow,long-reach,
724,16,366,45,generation-vii,,wings,78,107,75,100,100,70,overgrow,long-reach,
725,4,43,45,generation-vii,,quadruped,45,65,40,60,40,70,blaze,intimidate,
726,7,250,45,generation-vii,,quadruped,65,85,50,80,50,90,blaze,intimidate,
727,18,830,45,generation-vii,,upright,95,115,90,80,90,60,blaze,intimidate,
728,4,75,45,generation-vii,,fish,50,54,54,66,56,40,torrent,liquid-voice,
729,6,175,45,generation-vii,,fish,60,69,69,91,81,50,torrent,liquid-voice,
730,18,440,45,generation-vii,,fish,80,74,74,126,116,60,torrent,liquid-voice,
731,3,12,255,generation-vii,,wings,35,75,30,30,30,65,keen-eye,skill-link,pickup
732,6,148,120,generation-vii,,wings,55,85,50,40,50,75,keen-eye,skill-link,pickup
733,11,260,45,generation-vii,,wings,80,120,75,75,75,60,keen-eye,skill-link,sheer-force
734,4,60,255,generation-vii,,quadruped,48,70,30,30,30,45,stakeout,strong-jaw,adaptability
735,7,142,127,generation-vii,,quadruped,88,110,60,55,60,45,stakeout,strong-jaw,adaptability
736,4,44,255,generation-vii,,armor,47,62,45,55,45,46,swarm,,
737,5,105,120,generation-vii,,squiggle,57,82,95,55,75,36,battery,,
738,15,450,45,generation-vii,,armor,77,70,90,145,75,43,levitate,,
739,6,70,225,generation-vii,,armor,47,82,57,42,47,63,hyper-cutter,iron-fist,anger-point
740,17,1800,60,generation-vii,,armor,97,132,77,62,67,43,hyper-cutter,iron-fist,anger-point
741,6,34,45,generation-vii,,wings,75,70,70,98,70,93,dancer,,
742,1,2,190,generation-vii,,armor,40,45,40,55,40,84,honey-gather,shield-dust,sweet-veil
743,2,5,75,generation-vii,,bug-wings,60,55,60,95,70,124,honey-gather,shield-dust,sweet-veil
744,5,92,190,generation-vii,,quadruped,45,65,40,30,40,60,keen-eye,vital-spirit,steadfast
745,8,250,90,generation-vii,,quadruped,75,115,65,55,65,112,keen-eye,sand-rush,steadfast
746,2,3,60,generation-vii,,fish,45,20,20,25,25,40,schooling,,
747,4,80,190,generation-vii,,blob,50,53,62,43,52,45,merciless,limber,regenerator
748,7,145,75,generation-vii,,tentacles,50,63,152,53,142,35,merciless,limber,regenerator
749,10,1100,190,generation-vii,,quadruped,70,100,70,45,55,45,own-tempo,stamina,inner-focus
750,25,9200,60,generation-vii,,quadruped,100,125,100,55,85,35,own-tempo,stamina,inner-focus
751,3,40,200,generation-vii,,legs,38,40,52,40,72,27,water-bubble,water-absorb,
752,18,820,100,generation-vii,,armor,68,70,92,50,132,42,water-bubble,water-absorb,
753,3,15,190,generation-vii,,upright,40,55,35,50,35,35,leaf-guard,contrary,
754,9,185,75,generation-vii,,humanoid,70,105,90,80,90,45,leaf-guard,contrary,
755,2,15,190,generation-vii,,blob,40,35,55,65,75,15,illuminate,effect-spore,rain-dish
756,10,115,75,generation-vii,,humanoid,60,45,80,90,100,30,illuminate,effect-spore,rain-dish
757,6,48,120,generation-vii,,quadruped,48,44,40,71,40,77,corrosion,oblivious,
758,12,222,45,generation-vii,,quadruped,68,64,60,111,60,117,corrosion,oblivious,
759,5,68,140,generation-vii,,quadruped,70,75,50,45,50,50,fluffy,klutz,cute-charm
760,21,1350,70,generation-vii,,upright,120,125,80,55,60,60,fluffy,klutz,unnerve
761,3,32,235,generation-vii,,legs,42,30,38,30,38,32,leaf-guard,oblivious,sweet-veil
762,7,82,120,generation-vii,,humanoid,52,40,48,40,48,62,leaf-guard,oblivious,sweet-veil
763,12,214,45,generation-vii,,humanoid,72,120,98,50,98,72,leaf-guard,queenly-majesty,sweet-veil
764,1,3,60,generation-vii,,ball,51,52,90,82,110,100,flower-veil,triage,natural-cure
765,15,760,45,generation-vii,,humanoid,90,60,80,90,110,60,inner-focus,telepathy,symbiosis
766,20,828,45,generation-vii,,upright,100,120,90,40,60,80,receiver,defiant,
767,5,120,90,generation-vii,,tentacles,25,35,40,20,30,80,wimp-out,,
768,20,1080,45,generation-vii,,humanoid,75,125,140,60,90,40,emergency-exit,,
769,5,700,140,generation-vii,,squiggle,55,55,80,70,45,15,water-compaction,sand-veil,
770,13,2500,60,generation-vii,,squiggle,85,75,110,100,75,35,water-compaction,sand-veil,
771,3,12,60,generation-vii,,squiggle,55,60,130,30,130,5,innards-out,unaware,
772,19,1205,3,generation-vii,,quadruped,95,95,95,95,95,59,battle-armor,,
773,23,1005,3,generation-vii,,quadruped,95,95,95,95,95,95,rks-system,,
774,3,400,30,generation-vii,,ball,60,60,100,60,100,60,shields-down,,
775,4,199,45,generation-vii,,humanoid,65,115,65,75,95,65,comatose,,
776,20,2120,70,generation-vii,,upright,60,78,135,91,85,36,shell-armor,,
777,3,33,180,generation-vii,,upright,65,98,63,40,73,96,iron-barbs,lightning-rod,sturdy
778,2,7,45,generation-vii,,squiggle,55,90,80,50,105,96,disguise,,
779,9,190,80,generation-vii,,fish,68,105,70,70,70,92,dazzling,strong-jaw,wonder-skin
780,30,1850,70,generation-vii,,squiggle,78,60,85,135,91,36,berserk,sap-sipper,cloud-nine
781,39,2100,25,generation-vii,,blob,70,131,100,86,90,40,steelworker,,
782,6,297,45,generation-vii,,quadruped,45,55,65,45,45,45,bulletproof,soundproof,overcoat
783,12,470,45,generation-vii,,upright,55,75,90,65,70,65,bulletproof,soundproof,overcoat
784,16,782,45,generation-vii,,upright,75,110,125,100,105,85,bulletproof,soundproof,overcoat
785,18,205,3,generation-vii,,arms,70,115,85,95,75,130,electric-surge,telepathy,
786,12,186,3,generation-vii,,arms,70,85,75,130,115,95,psychic-surge,telepathy,
787,19,455,3,generation-vii,,arms,70,130,115,85,95,75,grassy-surge,telepathy,
788,13,212,3,generation-vii,,arms,70,75,115,95,130,85,misty-surge,telepathy,
789,2,1,45,generation-vii,,ball,43,29,31,29,31,37,unaware,,
790,1,9999,45,generation-vii,,ball,43,29,131,29,131,37,sturdy,,
791,34,2300,45,generation-vii,,quadruped,137,137,107,113,89,97,full-metal-body,,
792,40,1200,45,generation-vii,,wings,137,113,89,137,107,97,shadow-shield,,
793,12,555,45,generation-vii,,tentacles,109,53,47,127,131,103,beast-boost,,
794,24,3336,45,generation-vii,,tentacles,107,139,139,53,53,79,beast-boost,,
795,18,250,45,generation-vii,,humanoid,71,137,37,137,37,151,beast-boost,,
796,38,1000,45,generation-vii,,upright,83,89,71,173,71,83,beast-boost,,
797,92,9999,45,generation-vii,,humanoid,97,101,103,107,101,61,beast-boost,,
798,3,1,45,generation-vii,,humanoid,59,181,131,59,31,109,beast-boost,,
799,55,8880,45,generation-vii,,upright,223,101,53,97,53,43,beast-boost,,
800,24,2300,255,generation-vii,,arms,97,107,101,127,89,79,prism-armor,,
801,10,805,3,generation-vii,,humanoid,80,95,115,130,115,65,soul-heart,,
802,7,222,3,generation-vii,,humanoid,90,125,80,90,90,125,technician,,
803,6,18,45,generation-vii,,upright,67,73,67,73,67,73,beast-boost,,
804,36,1500,45,generation-vii,,wings,73,73,73,127,73,121,beast-boost,,
805,55,8200,30,generation-vii,,quadruped,61,131,211,53,101,13,beast-boost,,
806,18,130,30,generation-vii,,humanoid,53,127,53,151,79,107,beast-boost,,
807,15,445,3,generation-vii,,humanoid,88,112,75,102,80,143,volt-absorb,,
808,2,80,3,generation-vii,,ball,46,65,65,55,35,34,magnet-pull,,
809,25,8000,3,generation-vii,,humanoid,135,143,143,80,65,34,iron-fist,,
810,3,50,45,generation-viii,,upright,50,65,50,40,40,65,overgrow,grassy-surge,
811,7,140,45,generation-viii,,upright,70,85,70,55,60,80,overgrow,grassy-surge,
812,21,900,45,generation-viii,,humanoid,100,125,90,60,70,85,overgrow,grassy-surge,
813,3,45,45,generation-viii,,upright,50,71,40,40,40,69,blaze,libero,
814,6,90,45,generation-viii,,upright,65,86,60,55,60,94,blaze,libero,
815,14,330,45,generation-viii,,upright,80,116,75,65,75,119,blaze,libero,
816,3,40,45,generation-viii,,quadruped,50,40,40,70,40,70,torrent,sniper,
817,7,115,45,generation-viii,,upright,65,60,55,95,55,90,torrent,sniper,
818,19,452,45,generation-viii,,upright,70,85,65,125,65,120,torrent,sniper,
819,3,25,255,generation-viii,,upright,70,55,55,35,35,25,cheek-pouch,gluttony,
820,6,60,90,generation-viii,,upright,120,95,95,55,75,20,cheek-pouch,gluttony,
821,2,18,255,generation-viii,,wings,38,47,35,33,35,57,keen-eye,unnerve,big-pecks
822,8,160,120,generation-viii,,wings,68,67,55,43,55,77,keen-eye,unnerve,big-pecks
823,22,750,45,generation-viii,,wings,98,87,105,53,85,67,pressure,unnerve,mirror-armor
824,4,80,255,generation-viii,,armor,25,20,20,25,45,45,swarm,compound-eyes,telepathy
825,4,195,120,generation-viii,,armor,50,35,80,50,90,30,swarm,compound-eyes,telepathy
826,4,408,45,generation-viii,,wings,60,45,110,80,120,90,swarm,frisk,telepathy
827,6,89,255,generation-viii,,quadruped,40,28,28,47,52,50,run-away,unburden,stakeout
828,12,199,127,generation-viii,,quadruped,70,58,58,87,92,90,run-away,unburden,stakeout
829,4,22,190,generation-viii,,blob,40,40,60,40,60,10,cotton-down,regenerator,effect-spore
830,5,25,75,generation-viii,,blob,60,50,90,80,120,60,cotton-down,regenerator,effect-spore
831,6,60,255,generation-viii,,quadruped,42,40,55,40,45,48,fluffy,run-away,bulletproof
832,13,430,127,generation-viii,,quadruped,72,80,100,60,90,88,fluffy,steadfast,bulletproof
833,3,85,255,generation-viii,,quadruped,50,64,50,38,38,44,strong-jaw,shell-armor,swift-swim
834,10,1155,75,generation-viii,,quadruped,90,115,90,48,68,74,strong-jaw,shell-armor,swift-swim
835,3,135,255,generation-viii,,quadruped,59,45,50,40,50,26,ball-fetch,rattled,
836,10,340,45,generation-viii,,quadruped,69,90,60,90,60,121,strong-jaw,competitive,
837,3,120,255,generation-viii,,ball,30,40,50,40,50,30,steam-engine,heatproof,flash-fire
838,11,780,120,generation-viii,,legs,80,60,90,60,70,50,steam-engine,flame-body,flash-fire
839,28,3105,45,generation-viii,,humanoid,110,80,120,80,90,30,steam-engine,flame-body,flash-fire
840,2,5,255,generation-viii,,squiggle,40,40,80,40,40,20,ripen,gluttony,bulletproof
841,3,10,45,generation-viii,,wings,70,110,80,95,60,70,ripen,gluttony,hustle
842,4,130,45,generation-viii,,quadruped,110,85,80,100,80,30,ripen,gluttony,thick-fat
843,22,76,255,generation-viii,,squiggle,52,57,75,35,50,46,sand-spit,shed-skin,sand-veil
844,38,655,120,generation-viii,,squiggle,72,107,125,65,70,71,sand-spit,shed-skin,sand-veil
845,8,180,45,generation-viii,,wings,70,85,55,85,95,85,gulp-missile,,
846,5,10,255,generation-viii,,fish,41,63,40,40,30,66,swift-swim,propeller-tail,
847,13,300,60,generation-viii,,fish,61,123,60,60,50,136,swift-swim,propeller-tail,
848,4,110,75,generation-viii,,upright,40,38,35,54,35,40,rattled,static,klutz
849,16,400,45,generation-viii,,upright,75,98,70,114,70,75,punk-rock,plus,technician
850,7,10,190,generation-viii,,tentacles,50,65,45,50,50,45,flash-fire,white-smoke,flame-body
851,30,1200,75,generation-viii,,tentacles,100,115,65,90,90,65,flash-fire,white-smoke,flame-body
852,6,40,180,generation-viii,,tentacles,50,68,60,50,50,32,limber,technician,
853,16,390,45,generation-viii,,tentacles,80,118,90,70,80,42,limber,technician,
854,1,2,120,generation-viii,,ball,40,45,45,74,54,50,weak-armor,cursed-body,
855,2,4,60,generation-viii,,ball,60,65,65,134,114,70,weak-armor,cursed-body,
856,4,34,235,generation-viii,,legs,42,30,45,56,53,39,healer,anticipation,magic-bounce
857,6,48,120,generation-viii,,humanoid,57,40,65,86,73,49,healer,anticipation,magic-bounce
858,21,51,45,generation-viii,,blob,57,90,95,136,103,29,healer,anticipation,magic-bounce
859,4,55,255,generation-viii,,humanoid,45,45,30,55,40,50,prankster,frisk,pickpocket
860,8,125,120,generation-viii,,humanoid,65,60,45,75,55,70,prankster,frisk,pickpocket
861,15,610,45,generation-viii,,humanoid,95,120,65,95,75,60,prankster,frisk,pickpocket
862,16,460,45,generation-viii,,upright,93,90,101,60,81,95,reckless,guts,defiant
863,8,280,90,generation-viii,,upright,70,110,100,50,60,50,battle-armor,tough-claws,steely-spirit
864,10,4,30,generation-viii,,arms,60,95,50,145,130,30,weak-armor,perish-body,
865,8,1170,45,generation-viii,,wings,62,135,95,68,82,65,steadfast,scrappy,
866,15,582,45,generation-viii,,humanoid,80,85,75,110,100,70,tangled-feet,screen-cleaner,ice-body
867,16,666,90,generation-viii,,blob,58,95,145,50,105,30,wandering-spirit,,
868,2,3,200,generation-viii,,ball,45,40,40,50,61,34,sweet-veil,aroma-veil,
869,3,5,100,generation-viii,,blob,65,60,75,110,121,64,sweet-veil,aroma-veil,
870,30,620,45,generation-viii,,heads,65,100,100,70,60,75,battle-armor,defiant,
871,3,10,75,generation-viii,,tentacles,48,101,95,91,85,15,lightning-rod,electric-surge,
872,3,38,190,generation-viii,,squiggle,30,25,35,45,30,20,shield-dust,ice-scales,
873,13,420,75,generation-viii,,bug-wings,70,65,60,125,90,65,shield-dust,ice-scales,
874,25,5200,60,generation-viii,,legs,100,125,135,20,20,70,power-spot,,
875,14,890,60,generation-viii,,upright,75,80,110,65,90,50,ice-face,,
876,9,280,30,generation-viii,,upright,60,65,55,105,95,95,inner-focus,synchronize,psychic-surge
877,3,30,180,generation-viii,,humanoid,58,95,58,70,58,97,hunger-switch,,
878,12,1000,190,generation-viii,,quadruped,72,80,49,40,49,40,sheer-force,heavy-metal,
879,30,6500,90,generation-viii,,quadruped,122,130,69,80,69,30,sheer-force,heavy-metal,
880,18,1900,45,generation-viii,,upright,90,100,90,80,70,75,volt-absorb,hustle,sand-rush
881,23,1500,45,generation-viii,,upright,90,100,90,90,80,55,volt-absorb,static,slush-rush
882,23,2150,45,generation-viii,,legs,90,90,100,70,80,75,water-absorb,strong-jaw,sand-rush
883,20,1750,45,generation-viii,,fish,90,90,100,80,90,55,water-absorb,ice-body,slush-rush
884,18,400,45,generation-viii,,upright,70,95,115,120,50,85,light-metal,heavy-metal,stalwart
885,5,20,45,generation-viii,,squiggle,28,60,30,40,30,82,clear-body,infiltrator,cursed-body
886,14,110,45,generation-viii,,arms,68,80,50,60,50,102,clear-body,infiltrator,cursed-body
887,30,500,45,generation-viii,,upright,88,120,75,100,75,142,clear-body,infiltrator,cursed-body
888,28,1100,10,generation-viii,,quadruped,92,120,115,80,115,138,intrepid-sword,,
889,29,2100,10,generation-viii,,quadruped,92,120,115,80,115,138,dauntless-shield,,
890,200,9500,255,generation-viii,,wings,140,85,95,145,95,130,pressure,,
891,6,120,3,generation-viii,,upright,60,90,60,53,50,72,inner-focus,,
892,19,1050,3,generation-viii,,humanoid,100,130,100,63,60,97,unseen-fist,,
893,18,700,3,generation-viii,,upright,105,120,105,70,95,105,leaf-guard,,
894,12,1450,3,generation-viii,,humanoid,80,100,50,100,50,200,transistor,,
895,21,2000,3,generation-viii,,humanoid,200,100,50,100,50,80,dragons-maw,,
896,22,8000,3,generation-viii,,quadruped,100,145,130,65,110,30,chilling-neigh,,
897,20,445,3,generation-viii,,quadruped,100,65,60,145,80,130,grim-neigh,,
898,11,77,3,generation-viii,,humanoid,100,80,80,80,80,80,unnerve,,
899,18,951,135,generation-viii,,quadruped,103,105,72,105,75,65,intimidate,frisk,sap-sipper
900,18,890,115,generation-viii,,bug-wings,70,135,95,45,70,85,swarm,sheer-force,sharpness
901,24,2900,75,generation-viii,,quadruped,130,140,105,45,80,50,guts,bulletproof,unnerve
902,30,1100,135,generation-viii,,fish,120,112,65,80,75,78,swift-swim,adaptability,mold-breaker
903,13,430,135,generation-viii,,upright,80,130,60,40,80,120,pressure,unburden,poison-touch
904,25,605,135,generation-viii,,fish,85,115,95,65,65,85,poison-point,swift-swim,intimidate
905,16,480,3,generation-viii,,arms,74,115,70,135,80,106,cute-charm,contrary,
906,4,41,45,generation-ix,,,40,61,54,45,45,65,overgrow,protean,
907,9,122,45,generation-ix,,,61,80,63,60,63,83,overgrow,protean,
908,15,312,45,generation-ix,,,76,110,70,81,70,123,overgrow,protean,
909,4,98,45,generation-ix,,,67,45,59,63,40,36,blaze,unaware,
910,10,307,45,generation-ix,,,81,55,78,90,58,49,blaze,unaware,
911,16,3265,45,generation-ix,,,104,75,100,110,75,66,blaze,unaware,
912,5,61,45,generation-ix,,,55,65,45,50,45,50,torrent,moxie,
913,12,215,45,generation-ix,,,70,85,65,65,60,65,torrent,moxie,
914,18,619,45,generation-ix,,,85,120,80,85,75,85,torrent,moxie,
915,5,102,255,generation-ix,,,54,45,40,35,45,35,aroma-veil,gluttony,thick-fat
916,10,1200,100,generation-ix,,,110,100,75,59,80,65,lingering-aroma,gluttony,thick-fat
917,3,40,255,generation-ix,,,35,41,45,29,40,20,insomnia,stakeout,
918,10,165,120,generation-ix,,,60,79,92,52,86,35,insomnia,stakeout,
919,2,10,190,generation-ix,,,33,46,40,21,25,45,swarm,tinted-lens,
920,10,175,30,generation-ix,,,71,102,78,52,55,92,swarm,tinted-lens,
921,3,25,190,generation-ix,,,45,50,20,40,25,60,static,natural-cure,iron-fist
922,4,65,80,generation-ix,,,60,75,40,50,40,85,volt-absorb,natural-cure,iron-fist
923,9,410,45,generation-ix,,,70,115,70,70,60,105,volt-absorb,natural-cure,iron-fist
924,3,18,150,generation-ix,,,50,50,45,40,45,75,run-away,pickup,own-tempo
925,3,23,75,generation-ix,,,74,75,70,65,75,111,friend-guard,cheek-pouch,technician
926,3,109,190,generation-ix,,,37,55,70,30,55,65,own-tempo,klutz,
927,5,149,90,generation-ix,,,57,80,115,50,80,95,well-baked-body,aroma-veil,
928,3,65,255,generation-ix,,,41,35,45,58,51,30,early-bird,harvest,
929,6,119,120,generation-ix,,,52,53,60,78,78,33,early-bird,harvest,
930,14,482,45,generation-ix,,,78,69,90,125,109,39,seed-sower,harvest,
931,6,24,190,generation-ix,,,82,96,51,45,51,92,intimidate,hustle,guts
932,4,160,255,generation-ix,,,55,55,75,35,35,25,purifying-salt,sturdy,clear-body
933,6,1050,120,generation-ix,,,60,60,100,35,65,35,purifying-salt,sturdy,clear-body
934,23,2400,45,generation-ix,,,100,100,130,45,90,35,purifying-salt,sturdy,clear-body
935,6,105,90,generation-ix,,,40,50,40,50,40,35,flash-fire,flame-body,
936,15,850,25,generation-ix,,,85,60,100,125,80,75,flash-fire,weak-armor,
937,16,620,25,generation-ix,,,75,125,80,60,100,85,flash-fire,weak-armor,
938,3,4,190,generation-ix,,,61,31,41,59,35,45,own-tempo,static,damp
939,12,1130,50,generation-ix,,,109,64,91,103,83,45,electromorphosis,static,damp
940,4,36,180,generation-ix,,,40,40,35,55,40,70,wind-power,volt-absorb,competitive
941,14,386,90,generation-ix,,,70,70,60,105,60,125,wind-power,volt-absorb,competitive
942,5,160,150,generation-ix,,,60,78,60,40,51,51,intimidate,run-away,stakeout
943,11,610,75,generation-ix,,,80,120,90,60,70,85,intimidate,guard-dog,stakeout
944,2,7,190,generation-ix,,,40,65,35,40,35,75,unburden,pickpocket,prankster
945,7,272,90,generation-ix,,,63,95,65,80,72,110,unburden,poison-touch,prankster
946,6,6,190,generation-ix,,,40,65,30,45,35,60,wind-rider,infiltrator,
947,12,60,45,generation-ix,,,55,115,70,80,70,90,wind-rider,infiltrator,
948,9,330,190,generation-ix,,,40,40,35,50,100,70,mycelium-might,mycelium-might,
949,19,580,90,generation-ix,,,80,70,65,80,120,100,mycelium-might,mycelium-might,
950,13,790,120,generation-ix,,,70,100,115,35,55,75,anger-shell,shell-armor,regenerator
951,3,30,190,generation-ix,,,50,62,40,62,40,50,chlorophyll,insomnia,klutz
952,9,150,75,generation-ix,,,65,108,65,108,65,75,chlorophyll,insomnia,moody
953,2,10,190,generation-ix,,,41,50,60,31,58,30,compound-eyes,shed-skin,
954,3,35,45,generation-ix,,,75,50,85,115,100,45,synchronize,telepathy,
955,2,15,120,generation-ix,,,30,35,30,55,30,75,anticipation,frisk,speed-boost
956,19,900,60,generation-ix,,,95,60,60,101,60,105,opportunist,frisk,speed-boost
957,4,89,190,generation-ix,,,50,45,45,35,64,58,mold-breaker,own-tempo,pickpocket
958,7,591,90,generation-ix,,,65,55,55,45,82,78,mold-breaker,own-tempo,pickpocket
959,7,1128,45,generation-ix,,,85,75,77,70,105,94,mold-breaker,own-tempo,pickpocket
960,12,18,255,generation-ix,,,10,55,25,35,25,95,gooey,rattled,sand-veil
961,12,54,50,generation-ix,,,35,100,50,50,70,120,gooey,rattled,sand-veil
962,15,429,25,generation-ix,,,70,103,85,60,85,82,big-pecks,keen-eye,rocky-payload
963,13,602,200,generation-ix,,,70,45,40,45,40,75,water-veil,water-veil,
964,13,602,45,generation-ix,,,100,70,72,53,62,100,zero-to-hero,zero-to-hero,
965,10,350,190,generation-ix,,,45,70,63,30,45,47,overcoat,slow-start,
966,18,1200,75,generation-ix,,,80,119,90,54,67,90,overcoat,filter,
967,16,630,190,generation-ix,,,70,95,65,85,65,121,shed-skin,regenerator,
968,25,3100,25,generation-ix,,,70,85,145,60,55,65,earth-eater,sand-veil,
969,7,80,70,generation-ix,,,48,35,42,105,60,60,toxic-debris,corrosion,
970,15,450,25,generation-ix,,,83,55,90,130,81,86,toxic-debris,corrosion,
971,6,350,120,generation-ix,,,50,61,60,30,55,34,pickup,fluffy,
972,20,150,60,generation-ix,,,72,101,100,50,97,68,sand-rush,fluffy,
973,16,370,100,generation-ix,,,82,115,74,75,64,90,scrappy,tangled-feet,costar
974,12,450,150,generation-ix,,,108,68,45,30,40,43,thick-fat,snow-cloak,sheer-force
975,45,7000,50,generation-ix,,,170,113,65,45,55,73,thick-fat,slush-rush,sheer-force
976,25,900,100,generation-ix,,,90,102,73,78,65,70,mold-breaker,sharpness,
977,120,2200,25,generation-ix,,,150,100,115,65,65,35,unaware,oblivious,water-veil
978,3,80,100,generation-ix,,,68,50,60,120,95,82,commander,storm-drain,
979,12,560,45,generation-ix,,,110,115,80,50,90,90,vital-spirit,inner-focus,defiant
980,18,2230,90,generation-ix,,,130,75,60,45,100,20,poison-point,water-absorb,unaware
981,32,1600,45,generation-ix,,,120,90,70,110,70,60,cud-chew,armor-tail,sap-sipper
982,36,392,45,generation-ix,,,125,100,80,85,75,55,serene-grace,run-away,rattled
983,20,1200,25,generation-ix,,,100,135,120,60,85,50,defiant,supreme-overlord,pressure
984,22,3200,30,generation-ix,,,115,131,131,53,53,87,protosynthesis,protosynthesis,
985,12,80,50,generation-ix,,,115,65,99,65,115,111,protosynthesis,protosynthesis,
986,12,210,50,generation-ix,,,111,127,99,79,99,55,protosynthesis,protosynthesis,
987,14,40,30,generation-ix,,,55,55,55,135,135,135,protosynthesis,protosynthesis,
988,32,920,30,generation-ix,,,85,135,79,85,105,81,protosynthesis,protosynthesis,
989,23,600,30,generation-ix,,,85,81,97,121,85,101,protosynthesis,protosynthesis,
990,9,2400,30,generation-ix,,,90,112,120,72,70,106,quark-drive,quark-drive,
991,6,110,50,generation-ix,,,56,80,114,124,60,136,quark-drive,quark-drive,
992,18,3807,50,generation-ix,,,154,140,108,50,68,50,quark-drive,quark-drive,
993,13,1110,30,generation-ix,,,94,80,86,122,80,108,quark-drive,quark-drive,
994,12,360,30,generation-ix,,,80,70,60,140,110,110,quark-drive,quark-drive,
995,16,3030,30,generation-ix,,,100,134,110,70,84,72,quark-drive,quark-drive,
996,5,170,45,generation-ix,,,65,75,45,35,45,55,thermal-exchange,ice-body,
997,8,300,25,generation-ix,,,90,95,66,45,65,62,thermal-exchange,ice-body,
998,21,2100,10,generation-ix,,,115,145,92,75,86,87,thermal-exchange,ice-body,
999,3,50,45,generation-ix,,,45,30,70,75,70,10,rattled,rattled,
1000,12,300,45,generation-ix,,,87,60,95,133,91,84,good-as-gold,good-as-gold,
1001,15,742,6,generation-ix,,,85,85,100,95,135,70,tablets-of-ruin,tablets-of-ruin,
1002,19,1522,6,generation-ix,,,80,120,80,90,65,135,sword-of-ruin,sword-of-ruin,
1003,27,6997,6,generation-ix,,,155,110,125,55,80,45,vessel-of-ruin,vessel-of-ruin,
1004,4,49,6,generation-ix,,,55,80,80,135,120,100,beads-of-ruin,beads-of-ruin,
1005,20,3800,10,generation-ix,,,105,139,71,55,101,119,protosynthesis,protosynthesis,
1006,14,350,10,generation-ix,,,74,130,90,120,60,116,quark-drive,quark-drive,
1007,25,3030,3,generation-ix,,,100,135,115,85,100,135,orichalcum-pulse,orichalcum-pulse,
1008,35,2400,3,generation-ix,,,100,85,100,135,115,135,hadron-engine,hadron-engine,
1009,35,2800,5,generation-ix,,,99,83,91,125,83,109,protosynthesis,protosynthesis,
1010,15,1250,5,generation-ix,,,90,130,88,70,108,104,quark-drive,quark-drive,
1011,4,97,45,generation-ix,,,80,80,110,95,80,40,supersweet-syrup,gluttony,sticky-hold
1012,1,11,120,generation-ix,,,40,45,45,74,54,50,hospitality,heatproof,
1013,2,22,60,generation-ix,,,71,60,106,121,80,70,hospitality,heatproof,
1014,18,922,3,generation-ix,,,88,128,115,58,86,80,toxic-chain,guard-dog,
1015,10,122,3,generation-ix,,,88,75,66,130,90,106,toxic-chain,frisk,
1016,14,301,3,generation-ix,,,88,91,82,70,125,99,toxic-chain,technician,
1017,12,398,5,generation-ix,,,80,120,84,60,96,110,defiant,,
1018,20,600,10,generation-ix,,,90,105,130,125,65,85,stamina,sturdy,stalwart
1019,18,930,10,generation-ix,,,106,80,110,120,80,44,supersweet-syrup,regenerator,sticky-hold
1020,35,5900,10,generation-ix,,,105,115,121,65,93,91,protosynthesis,,
1021,52,4800,10,generation-ix,,,125,73,91,137,89,75,protosynthesis,,
1022,15,1625,10,generation-ix,,,90,120,80,68,108,124,quark-drive,,
1023,16,1560,10,generation-ix,,,90,72,100,122,108,98,quark-drive,,
1024,2,65,255,generation-ix,,,90,65,85,65,85,60,tera-shift,,
1025,3,3,3,generation-ix,,,88,88,160,88,88,88,poison-puppeteer,,
